"OBJECTID","ID_0","ISO","NAME_0","ID_1","NAME_1","ID_2","NAME_2","ID_3","NAME_3","ID_4","NAME_4","VARNAME_4","CCN_4","CCA_4","TYPE_4","ENGTYPE_4"
1,201,"SEN","Senegal",1,"Dakar",1,"Dakar",1,"Almadies",1,"Mermoz/ Sacre -Coeur","",113013,"1130134","Commune","Commune"
2,201,"SEN","Senegal",1,"Dakar",1,"Dakar",1,"Almadies",2,"Ngor","",113013,"1130132","Commune","Commune"
3,201,"SEN","Senegal",1,"Dakar",1,"Dakar",1,"Almadies",3,"Ouakam","",113013,"1130131","Commune","Commune"
4,201,"SEN","Senegal",1,"Dakar",1,"Dakar",1,"Almadies",4,"Yoff","",113013,"1130133","Commune","Commune"
5,201,"SEN","Senegal",1,"Dakar",1,"Dakar",2,"Dakar Plateau",5,"Îles des Madeleines","Sarpan|Le Parc National des Iles de la Madeleine",113012,"","Parc National","National Park"
6,201,"SEN","Senegal",1,"Dakar",1,"Dakar",2,"Dakar Plateau",6,"Fann/Point E/ Amitie","",113011,"1130115","Commune","Commune"
7,201,"SEN","Senegal",1,"Dakar",1,"Dakar",2,"Dakar Plateau",7,"Goree","",113011,"1130111","Commune","Commune"
8,201,"SEN","Senegal",1,"Dakar",1,"Dakar",2,"Dakar Plateau",8,"Gueule Tapee/Colobane/Fass","",113011,"1130114","Commune","Commune"
9,201,"SEN","Senegal",1,"Dakar",1,"Dakar",2,"Dakar Plateau",9,"Medina","",113011,"1130113","Commune","Commune"
10,201,"SEN","Senegal",1,"Dakar",1,"Dakar",2,"Dakar Plateau",10,"Plateau","",113011,"1130112","Commune","Commune"
11,201,"SEN","Senegal",1,"Dakar",1,"Dakar",3,"Grand Dakar",11,"Biscuiterie","",113012,"1130122","Commune","Commune"
12,201,"SEN","Senegal",1,"Dakar",1,"Dakar",3,"Grand Dakar",12,"Dieuppeul Derkle","",113012,"1130126","Commune","Commune"
13,201,"SEN","Senegal",1,"Dakar",1,"Dakar",3,"Grand Dakar",13,"Grand Dakar","",113012,"1130121","Commune","Commune"
14,201,"SEN","Senegal",1,"Dakar",1,"Dakar",3,"Grand Dakar",14,"Hann/ Bel Air","",113012,"1130124","Commune","Commune"
15,201,"SEN","Senegal",1,"Dakar",1,"Dakar",3,"Grand Dakar",15,"Hlm","",113012,"1130123","Commune","Commune"
16,201,"SEN","Senegal",1,"Dakar",1,"Dakar",3,"Grand Dakar",16,"Sicap Liberte","",113012,"1130125","Commune","Commune"
17,201,"SEN","Senegal",1,"Dakar",1,"Dakar",4,"Parcelles Assainies",17,"Camberene","",113014,"1130144","Commune","Commune"
18,201,"SEN","Senegal",1,"Dakar",1,"Dakar",4,"Parcelles Assainies",18,"Grand Yoff","",113014,"1130141","Commune","Commune"
19,201,"SEN","Senegal",1,"Dakar",1,"Dakar",4,"Parcelles Assainies",19,"Parcelles Assainies","",113014,"1130143","Commune","Commune"
20,201,"SEN","Senegal",1,"Dakar",1,"Dakar",4,"Parcelles Assainies",20,"Patte D'Oie","",113014,"1130142","Commune","Commune"
21,201,"SEN","Senegal",1,"Dakar",2,"Guédiawaye",5,"Guediawaye",21,"Golf Sud","",143011,"1430111","Commune","Commune"
22,201,"SEN","Senegal",1,"Dakar",2,"Guédiawaye",5,"Guediawaye",22,"Medina Gounass","",143011,"1430115","Commune","Commune"
23,201,"SEN","Senegal",1,"Dakar",2,"Guédiawaye",5,"Guediawaye",23,"Ndiareme Limamoulaye","",143011,"1430113","Commune","Commune"
24,201,"SEN","Senegal",1,"Dakar",2,"Guédiawaye",5,"Guediawaye",24,"Sam  Notaire","",143011,"1430112","Commune","Commune"
25,201,"SEN","Senegal",1,"Dakar",2,"Guédiawaye",5,"Guediawaye",25,"Wakhinane Nimzatt","",143011,"1430114","Commune","Commune"
26,201,"SEN","Senegal",1,"Dakar",3,"Pikine",6,"Niayes",26,"Keur Massar","",123011,"1230114","Commune","Commune"
27,201,"SEN","Senegal",1,"Dakar",3,"Pikine",6,"Niayes",27,"Malika","",123011,"1230113","Commune","Commune"
28,201,"SEN","Senegal",1,"Dakar",3,"Pikine",6,"Niayes",28,"Yeumbeul Nord","",123011,"1230111","Commune","Commune"
29,201,"SEN","Senegal",1,"Dakar",3,"Pikine",6,"Niayes",29,"Yeumbeul Sud","",123011,"1230112","Commune","Commune"
30,201,"SEN","Senegal",1,"Dakar",3,"Pikine",7,"Pikine Dagoudane",30,"Daliford","",123012,"1230124","Commune","Commune"
31,201,"SEN","Senegal",1,"Dakar",3,"Pikine",7,"Pikine Dagoudane",31,"Djidah Thiaroye Kao","",123012,"1230125","Commune","Commune"
32,201,"SEN","Senegal",1,"Dakar",3,"Pikine",7,"Pikine Dagoudane",32,"Guinaw Rail Nord","",123012,"1230126","Commune","Commune"
33,201,"SEN","Senegal",1,"Dakar",3,"Pikine",7,"Pikine Dagoudane",33,"Guinaw Rail Sud","",123012,"1230127","Commune","Commune"
34,201,"SEN","Senegal",1,"Dakar",3,"Pikine",7,"Pikine Dagoudane",34,"Pikine Est","",123012,"1230122","Commune","Commune"
35,201,"SEN","Senegal",1,"Dakar",3,"Pikine",7,"Pikine Dagoudane",35,"Pikine Ouest","",123012,"1230121","Commune","Commune"
36,201,"SEN","Senegal",1,"Dakar",3,"Pikine",7,"Pikine Dagoudane",36,"Pikine Sud","",123012,"1230123","Commune","Commune"
37,201,"SEN","Senegal",1,"Dakar",3,"Pikine",8,"Thiaroye",37,"Diack Sao","",123013,"1230132","Commune","Commune"
38,201,"SEN","Senegal",1,"Dakar",3,"Pikine",8,"Thiaroye",38,"Diamaguene/Sicap M'Bao","",123013,"1230133","Commune","Commune"
39,201,"SEN","Senegal",1,"Dakar",3,"Pikine",8,"Thiaroye",39,"Mbao","",123013,"1230135","Commune","Commune"
40,201,"SEN","Senegal",1,"Dakar",3,"Pikine",8,"Thiaroye",40,"Thiaroye Gare","",123013,"1230134","Commune","Commune"
41,201,"SEN","Senegal",1,"Dakar",3,"Pikine",8,"Thiaroye",41,"Thiaroye Mer","",123013,"1230131","Commune","Commune"
42,201,"SEN","Senegal",1,"Dakar",4,"Rufisque",9,"Bambilor",42,"Bambilor","",132010,"1320102","Commune","Commune"
43,201,"SEN","Senegal",1,"Dakar",4,"Rufisque",9,"Bambilor",43,"Tivaouane Peulh-Niagha","",132010,"1320103","Commune","Commune"
44,201,"SEN","Senegal",1,"Dakar",4,"Rufisque",9,"Bambilor",44,"Yene","",132010,"1320101","Commune","Commune"
45,201,"SEN","Senegal",1,"Dakar",4,"Rufisque",10,"Rufisque",45,"Rufisque  Est","",133011,"1330112","Commune","Commune"
46,201,"SEN","Senegal",1,"Dakar",4,"Rufisque",10,"Rufisque",46,"Rufisque Centre (Nord)","",133011,"1330111","Commune","Commune"
47,201,"SEN","Senegal",1,"Dakar",4,"Rufisque",10,"Rufisque",47,"Rufisque Ouest","",133011,"1330113","Commune","Commune"
48,201,"SEN","Senegal",2,"Diourbel",5,"Bambey",11,"Baba Garage",48,"Baba Garage","",312010,"3120101","Commune","Commune"
49,201,"SEN","Senegal",2,"Diourbel",5,"Bambey",11,"Baba Garage",49,"Dinguiraye","",312010,"3120102","Commune","Commune"
50,201,"SEN","Senegal",2,"Diourbel",5,"Bambey",11,"Baba Garage",50,"Keur Samba Kane","",312010,"3120103","Commune","Commune"
51,201,"SEN","Senegal",2,"Diourbel",5,"Bambey",12,"Lambaye",51,"Gawane","",312020,"3120201","Commune","Commune"
52,201,"SEN","Senegal",2,"Diourbel",5,"Bambey",12,"Lambaye",52,"Lambaye","",312020,"3120202","Commune","Commune"
53,201,"SEN","Senegal",2,"Diourbel",5,"Bambey",12,"Lambaye",53,"Ngogom","",312020,"3120203","Commune","Commune"
54,201,"SEN","Senegal",2,"Diourbel",5,"Bambey",12,"Lambaye",54,"Refane","",312020,"3120204","Commune","Commune"
55,201,"SEN","Senegal",2,"Diourbel",5,"Bambey",13,"Ngoye",55,"Ndangalma","",312030,"3120301","Commune","Commune"
56,201,"SEN","Senegal",2,"Diourbel",5,"Bambey",13,"Ngoye",56,"Ndondol","",312030,"3120302","Commune","Commune"
57,201,"SEN","Senegal",2,"Diourbel",5,"Bambey",13,"Ngoye",57,"Ngoye","",312030,"3120303","Commune","Commune"
58,201,"SEN","Senegal",2,"Diourbel",5,"Bambey",13,"Ngoye",58,"Thiakhar","",312030,"3120304","Commune","Commune"
59,201,"SEN","Senegal",2,"Diourbel",6,"Diourbel",14,"Ndindy",59,"Dankh Sene","",322010,"3220101","Commune","Commune"
60,201,"SEN","Senegal",2,"Diourbel",6,"Diourbel",14,"Ndindy",60,"Gade Escale","",322010,"3220102","Commune","Commune"
61,201,"SEN","Senegal",2,"Diourbel",6,"Diourbel",14,"Ndindy",61,"Keur Ngalgou","",322010,"3220104","Commune","Commune"
62,201,"SEN","Senegal",2,"Diourbel",6,"Diourbel",14,"Ndindy",62,"Ndindy","",322010,"3220103","Commune","Commune"
63,201,"SEN","Senegal",2,"Diourbel",6,"Diourbel",14,"Ndindy",63,"Taiba Moutoupha","",322010,"3220105","Commune","Commune"
64,201,"SEN","Senegal",2,"Diourbel",6,"Diourbel",14,"Ndindy",64,"Touba Lappe","",322010,"3220106","Commune","Commune"
65,201,"SEN","Senegal",2,"Diourbel",6,"Diourbel",15,"Ndoulo",65,"Ndoulo","",322020,"3220201","Commune","Commune"
66,201,"SEN","Senegal",2,"Diourbel",6,"Diourbel",15,"Ndoulo",66,"Ngohe","",322020,"3220202","Commune","Commune"
67,201,"SEN","Senegal",2,"Diourbel",6,"Diourbel",15,"Ndoulo",67,"Patar","",322020,"3220203","Commune","Commune"
68,201,"SEN","Senegal",2,"Diourbel",6,"Diourbel",15,"Ndoulo",68,"Tocky Gare","",322020,"3220204","Commune","Commune"
69,201,"SEN","Senegal",2,"Diourbel",6,"Diourbel",15,"Ndoulo",69,"Toure Mbonde","",322020,"3220205","Commune","Commune"
70,201,"SEN","Senegal",2,"Diourbel",7,"Mbacké",16,"Kael",70,"Darou Nahim","",332010,"3320107","Commune","Commune"
71,201,"SEN","Senegal",2,"Diourbel",7,"Mbacké",16,"Kael",71,"Darou Salam Typ","",332010,"3320102","Commune","Commune"
72,201,"SEN","Senegal",2,"Diourbel",7,"Mbacké",16,"Kael",72,"Dendeye Gouye Gui","",332010,"3320101","Commune","Commune"
73,201,"SEN","Senegal",2,"Diourbel",7,"Mbacké",16,"Kael",73,"Kael","",332010,"3320103","Commune","Commune"
74,201,"SEN","Senegal",2,"Diourbel",7,"Mbacké",16,"Kael",74,"Madina","",332010,"3320104","Commune","Commune"
75,201,"SEN","Senegal",2,"Diourbel",7,"Mbacké",16,"Kael",75,"Ndioumane Taiba Thiekene","",332010,"3320105","Commune","Commune"
76,201,"SEN","Senegal",2,"Diourbel",7,"Mbacké",16,"Kael",76,"Taiba Thieckene","",332010,"3320108","Commune","Commune"
77,201,"SEN","Senegal",2,"Diourbel",7,"Mbacké",16,"Kael",77,"Touba Mboul","",332010,"3320106","Commune","Commune"
78,201,"SEN","Senegal",2,"Diourbel",7,"Mbacké",17,"Ndame",78,"Dalla Ngabou","",332020,"3320201","Commune","Commune"
79,201,"SEN","Senegal",2,"Diourbel",7,"Mbacké",17,"Ndame",79,"Missirah","",332020,"3320202","Commune","Commune"
80,201,"SEN","Senegal",2,"Diourbel",7,"Mbacké",17,"Ndame",80,"Nghaye","",332020,"3320203","Commune","Commune"
81,201,"SEN","Senegal",2,"Diourbel",7,"Mbacké",17,"Ndame",81,"Touba Fall","",332020,"3320204","Commune","Commune"
82,201,"SEN","Senegal",2,"Diourbel",7,"Mbacké",17,"Ndame",82,"Touba Mosquee","",332020,"3320205","Commune","Commune"
83,201,"SEN","Senegal",2,"Diourbel",7,"Mbacké",18,"Taif",83,"Sadio","",332030,"3320301","Commune","Commune"
84,201,"SEN","Senegal",2,"Diourbel",7,"Mbacké",18,"Taif",84,"Taif","",332030,"3320302","Commune","Commune"
85,201,"SEN","Senegal",3,"Fatick",8,"Fatick",19,"Fimela",85,"Djilasse","",912020,"9120204","Commune","Commune"
86,201,"SEN","Senegal",3,"Fatick",8,"Fatick",19,"Fimela",86,"Fimela","",912020,"9120201","Commune","Commune"
87,201,"SEN","Senegal",3,"Fatick",8,"Fatick",19,"Fimela",87,"Loul Sessene","",912020,"9120202","Commune","Commune"
88,201,"SEN","Senegal",3,"Fatick",8,"Fatick",19,"Fimela",88,"Palmarin Facao","",912020,"9120203","Commune","Commune"
89,201,"SEN","Senegal",3,"Fatick",8,"Fatick",20,"Ndiob",89,"Diaoule","",912010,"9120101","Commune","Commune"
90,201,"SEN","Senegal",3,"Fatick",8,"Fatick",20,"Ndiob",90,"Mbelacadio","",912010,"9120102","Commune","Commune"
91,201,"SEN","Senegal",3,"Fatick",8,"Fatick",20,"Ndiob",91,"Ndiob","",912010,"9120103","Commune","Commune"
92,201,"SEN","Senegal",3,"Fatick",8,"Fatick",20,"Ndiob",92,"Thiare Ndialgui","",912010,"9120104","Commune","Commune"
93,201,"SEN","Senegal",3,"Fatick",8,"Fatick",21,"Niakhar",93,"Ngayokheme","",912030,"9120301","Commune","Commune"
94,201,"SEN","Senegal",3,"Fatick",8,"Fatick",21,"Niakhar",94,"Niakhar","",912030,"9120302","Commune","Commune"
95,201,"SEN","Senegal",3,"Fatick",8,"Fatick",21,"Niakhar",95,"Patar","",912030,"9120303","Commune","Commune"
96,201,"SEN","Senegal",3,"Fatick",8,"Fatick",22,"Tattaguine",96,"Diarrere","",912040,"9120401","Commune","Commune"
97,201,"SEN","Senegal",3,"Fatick",8,"Fatick",22,"Tattaguine",97,"Diouroup","",912040,"9120402","Commune","Commune"
98,201,"SEN","Senegal",3,"Fatick",8,"Fatick",22,"Tattaguine",98,"Tattaguine","",912040,"9120403","Commune","Commune"
99,201,"SEN","Senegal",3,"Fatick",9,"Foundiougne",23,"Djilor",99,"Diagane Barka","",922010,"9220103","Commune","Commune"
100,201,"SEN","Senegal",3,"Fatick",9,"Foundiougne",23,"Djilor",100,"Diossong","",922010,"9220102","Commune","Commune"
101,201,"SEN","Senegal",3,"Fatick",9,"Foundiougne",23,"Djilor",101,"Djilor","",922010,"9220101","Commune","Commune"
102,201,"SEN","Senegal",3,"Fatick",9,"Foundiougne",23,"Djilor",102,"Mbam","",922010,"9220104","Commune","Commune"
103,201,"SEN","Senegal",3,"Fatick",9,"Foundiougne",23,"Djilor",103,"Niassene","",922010,"9220105","Commune","Commune"
104,201,"SEN","Senegal",3,"Fatick",9,"Foundiougne",24,"Niodior",104,"Bassoul","",922020,"9220201","Commune","Commune"
105,201,"SEN","Senegal",3,"Fatick",9,"Foundiougne",24,"Niodior",105,"Delta du Saloum National Park","",922020,"","Parc National","National Park"
106,201,"SEN","Senegal",3,"Fatick",9,"Foundiougne",24,"Niodior",106,"Dionewar","",922020,"9220202","Commune","Commune"
107,201,"SEN","Senegal",3,"Fatick",9,"Foundiougne",24,"Niodior",107,"Djirnda","",922020,"9220203","Commune","Commune"
108,201,"SEN","Senegal",3,"Fatick",9,"Foundiougne",25,"Toubacouta",108,"Keur Saloum Diane","",922030,"9220301","Commune","Commune"
109,201,"SEN","Senegal",3,"Fatick",9,"Foundiougne",25,"Toubacouta",109,"Keur Samba Gueye","",922030,"9220302","Commune","Commune"
110,201,"SEN","Senegal",3,"Fatick",9,"Foundiougne",25,"Toubacouta",110,"Nioro Alassane Tall","",922030,"9220303","Commune","Commune"
111,201,"SEN","Senegal",3,"Fatick",9,"Foundiougne",25,"Toubacouta",111,"Toubacouta","",922030,"9220304","Commune","Commune"
112,201,"SEN","Senegal",3,"Fatick",10,"Gossas",26,"Colobane",112,"Colobane","",932010,"9320101","Commune","Commune"
113,201,"SEN","Senegal",3,"Fatick",10,"Gossas",26,"Colobane",113,"Mbar","",932010,"9320102","Commune","Commune"
114,201,"SEN","Senegal",3,"Fatick",10,"Gossas",27,"Ouadiour",114,"Ndiene Lagane","",932020,"9320201","Commune","Commune"
115,201,"SEN","Senegal",3,"Fatick",10,"Gossas",27,"Ouadiour",115,"Ouadiour","",932020,"9320202","Commune","Commune"
116,201,"SEN","Senegal",3,"Fatick",10,"Gossas",27,"Ouadiour",116,"Patar Lia","",932020,"9320203","Commune","Commune"
117,201,"SEN","Senegal",4,"Kédougou",11,"Kédougou",28,"Bandafassi",117,"Bandafassi","",1312010,"13120101","Commune","Commune"
118,201,"SEN","Senegal",4,"Kédougou",11,"Kédougou",28,"Bandafassi",118,"Dindefello","",1312010,"13120103","Commune","Commune"
119,201,"SEN","Senegal",4,"Kédougou",11,"Kédougou",28,"Bandafassi",119,"Ninefecha","",1312010,"13120104","Commune","Commune"
120,201,"SEN","Senegal",4,"Kédougou",11,"Kédougou",28,"Bandafassi",120,"Tomboronkoto","",1312010,"13120102","Commune","Commune"
121,201,"SEN","Senegal",4,"Kédougou",11,"Kédougou",29,"Fongolimbi",121,"Dimboly","",1312020,"13120201","Commune","Commune"
122,201,"SEN","Senegal",4,"Kédougou",11,"Kédougou",29,"Fongolimbi",122,"Fongolimbi","",1312020,"13120202","Commune","Commune"
123,201,"SEN","Senegal",4,"Kédougou",12,"Salémata",30,"Dakately",123,"Dakately","",1322010,"13220101","Commune","Commune"
124,201,"SEN","Senegal",4,"Kédougou",12,"Salémata",30,"Dakately",124,"Kevoye","",1322010,"13220102","Commune","Commune"
125,201,"SEN","Senegal",4,"Kédougou",12,"Salémata",31,"Dar Salam",125,"Dar Salam","",1322020,"13220201","Commune","Commune"
126,201,"SEN","Senegal",4,"Kédougou",12,"Salémata",31,"Dar Salam",126,"Ethiolo","",1322020,"13220202","Commune","Commune"
127,201,"SEN","Senegal",4,"Kédougou",12,"Salémata",31,"Dar Salam",127,"Oubadji","",1322020,"13220203","Commune","Commune"
128,201,"SEN","Senegal",4,"Kédougou",13,"Saraya",32,"Bembou",128,"Bembou","",1332010,"13320102","Commune","Commune"
129,201,"SEN","Senegal",4,"Kédougou",13,"Saraya",32,"Bembou",129,"Medina Baffe","",1332010,"13320101","Commune","Commune"
130,201,"SEN","Senegal",4,"Kédougou",13,"Saraya",33,"Sabodala",130,"Khossanto","",1332020,"13320201","Commune","Commune"
131,201,"SEN","Senegal",4,"Kédougou",13,"Saraya",33,"Sabodala",131,"Missirah Sirimana","",1332020,"13320202","Commune","Commune"
132,201,"SEN","Senegal",4,"Kédougou",13,"Saraya",33,"Sabodala",132,"Sabodala","",1332020,"13320203","Commune","Commune"
133,201,"SEN","Senegal",5,"Kaffrine",14,"Birkilane",34,"Keur Mboucki",133,"Diamal","",1222010,"12220103","Commune","Commune"
134,201,"SEN","Senegal",5,"Kaffrine",14,"Birkilane",34,"Keur Mboucki",134,"Keur Mboucki","",1222010,"12220101","Commune","Commune"
135,201,"SEN","Senegal",5,"Kaffrine",14,"Birkilane",34,"Keur Mboucki",135,"Touba Mbella","",1222010,"12220102","Commune","Commune"
136,201,"SEN","Senegal",5,"Kaffrine",14,"Birkilane",35,"Mabo",136,"Mabo","",1222020,"12220201","Commune","Commune"
137,201,"SEN","Senegal",5,"Kaffrine",14,"Birkilane",35,"Mabo",137,"Mbeuleup","",1222020,"12220203","Commune","Commune"
138,201,"SEN","Senegal",5,"Kaffrine",14,"Birkilane",35,"Mabo",138,"Ndiognick","",1222020,"12220202","Commune","Commune"
139,201,"SEN","Senegal",5,"Kaffrine",14,"Birkilane",35,"Mabo",139,"Segre Gatta","",1222020,"12220204","Commune","Commune"
140,201,"SEN","Senegal",5,"Kaffrine",15,"Kaffrine",36,"Gniby",140,"Boulel Goumack","",1212010,"12120101","Commune","Commune"
141,201,"SEN","Senegal",5,"Kaffrine",15,"Kaffrine",36,"Gniby",141,"Gniby","",1212010,"12120102","Commune","Commune"
142,201,"SEN","Senegal",5,"Kaffrine",15,"Kaffrine",36,"Gniby",142,"Kahi","",1212010,"12120103","Commune","Commune"
143,201,"SEN","Senegal",5,"Kaffrine",15,"Kaffrine",37,"Katakel",143,"Diamagadio","",1212020,"12120204","Commune","Commune"
144,201,"SEN","Senegal",5,"Kaffrine",15,"Kaffrine",37,"Katakel",144,"Diokoul Mbelbouck","",1212020,"12120201","Commune","Commune"
145,201,"SEN","Senegal",5,"Kaffrine",15,"Kaffrine",37,"Katakel",145,"Kathiote","",1212020,"12120202","Commune","Commune"
146,201,"SEN","Senegal",5,"Kaffrine",15,"Kaffrine",37,"Katakel",146,"Medinatoul Salam Ii","",1212020,"12120203","Commune","Commune"
147,201,"SEN","Senegal",5,"Kaffrine",16,"Koungheul",38,"Ida Mouride",147,"Fass Thiekene","",1232010,"12320102","Commune","Commune"
148,201,"SEN","Senegal",5,"Kaffrine",16,"Koungheul",38,"Ida Mouride",148,"Ida Mouride","",1232010,"12320103","Commune","Commune"
149,201,"SEN","Senegal",5,"Kaffrine",16,"Koungheul",38,"Ida Mouride",149,"Saly Escale","",1232010,"12320101","Commune","Commune"
150,201,"SEN","Senegal",5,"Kaffrine",16,"Koungheul",39,"Lour Escale",150,"Lour Escale","",1232020,"12320201","Commune","Commune"
151,201,"SEN","Senegal",5,"Kaffrine",16,"Koungheul",39,"Lour Escale",151,"Ribot Escale","",1232020,"12320202","Commune","Commune"
152,201,"SEN","Senegal",5,"Kaffrine",16,"Koungheul",40,"Missirah Wadene",152,"Gainthe Pathe","",1232030,"12320301","Commune","Commune"
153,201,"SEN","Senegal",5,"Kaffrine",16,"Koungheul",40,"Missirah Wadene",153,"Maka Yop","",1232030,"12320302","Commune","Commune"
154,201,"SEN","Senegal",5,"Kaffrine",16,"Koungheul",40,"Missirah Wadene",154,"Missirah Wadene","",1232030,"12320303","Commune","Commune"
155,201,"SEN","Senegal",5,"Kaffrine",17,"Malème Hodar",41,"Darou Miname Ii",155,"Darou Miname Ii","",1242010,"12420101","Commune","Commune"
156,201,"SEN","Senegal",5,"Kaffrine",17,"Malème Hodar",41,"Darou Miname Ii",156,"Khelcom","",1242010,"12420103","Commune","Commune"
157,201,"SEN","Senegal",5,"Kaffrine",17,"Malème Hodar",41,"Darou Miname Ii",157,"Ndiobene Samba Lama","",1242010,"12420104","Commune","Commune"
158,201,"SEN","Senegal",5,"Kaffrine",17,"Malème Hodar",41,"Darou Miname Ii",158,"Ndioum Ngainthe","",1242010,"12420102","Commune","Commune"
159,201,"SEN","Senegal",5,"Kaffrine",17,"Malème Hodar",42,"Sagna",159,"Dianke Souf","",1242020,"12420201","Commune","Commune"
160,201,"SEN","Senegal",5,"Kaffrine",17,"Malème Hodar",42,"Sagna",160,"Sagna","",1242020,"12420202","Commune","Commune"
161,201,"SEN","Senegal",6,"Kaolack",18,"Guinguinéo",43,"Mbadakhoune",161,"Khelcom Birame","",632010,"6320104","Commune","Commune"
162,201,"SEN","Senegal",6,"Kaolack",18,"Guinguinéo",43,"Mbadakhoune",162,"Mbadakhoune","",632010,"6320101","Commune","Commune"
163,201,"SEN","Senegal",6,"Kaolack",18,"Guinguinéo",43,"Mbadakhoune",163,"Ndiago","",632010,"6320102","Commune","Commune"
164,201,"SEN","Senegal",6,"Kaolack",18,"Guinguinéo",43,"Mbadakhoune",164,"Ngathie Naoude","",632010,"6320103","Commune","Commune"
165,201,"SEN","Senegal",6,"Kaolack",18,"Guinguinéo",44,"Nguelou",165,"Dara Mboss","",632020,"6320204","Commune","Commune"
166,201,"SEN","Senegal",6,"Kaolack",18,"Guinguinéo",44,"Nguelou",166,"Gagnick","",632020,"6320201","Commune","Commune"
167,201,"SEN","Senegal",6,"Kaolack",18,"Guinguinéo",44,"Nguelou",167,"Nguelou","",632020,"6320202","Commune","Commune"
168,201,"SEN","Senegal",6,"Kaolack",18,"Guinguinéo",44,"Nguelou",168,"Ourour","",632020,"6320203","Commune","Commune"
169,201,"SEN","Senegal",6,"Kaolack",18,"Guinguinéo",44,"Nguelou",169,"Panal Wolof","",632020,"6320205","Commune","Commune"
170,201,"SEN","Senegal",6,"Kaolack",19,"Kaolack",45,"Koumbal",170,"Keur Baka","",612020,"6120203","Commune","Commune"
171,201,"SEN","Senegal",6,"Kaolack",19,"Kaolack",45,"Koumbal",171,"Latmingue","",612020,"6120201","Commune","Commune"
172,201,"SEN","Senegal",6,"Kaolack",19,"Kaolack",45,"Koumbal",172,"Thiare","",612020,"6120202","Commune","Commune"
173,201,"SEN","Senegal",6,"Kaolack",19,"Kaolack",46,"Ndiedieng",173,"Keur Soce","",612010,"6120101","Commune","Commune"
174,201,"SEN","Senegal",6,"Kaolack",19,"Kaolack",46,"Ndiedieng",174,"Ndiaffate","",612010,"6120102","Commune","Commune"
175,201,"SEN","Senegal",6,"Kaolack",19,"Kaolack",46,"Ndiedieng",175,"Ndiedieng","",612010,"6120103","Commune","Commune"
176,201,"SEN","Senegal",6,"Kaolack",19,"Kaolack",47,"Ngothie",176,"Dya","",612030,"6120301","Commune","Commune"
177,201,"SEN","Senegal",6,"Kaolack",19,"Kaolack",47,"Ngothie",177,"Ndiebel","",612030,"6120302","Commune","Commune"
178,201,"SEN","Senegal",6,"Kaolack",19,"Kaolack",47,"Ngothie",178,"Thiomby","",612030,"6120303","Commune","Commune"
179,201,"SEN","Senegal",6,"Kaolack",20,"Nioro du Rip",48,"Medina Sabakh",179,"Kayemor","",622010,"6220101","Commune","Commune"
180,201,"SEN","Senegal",6,"Kaolack",20,"Nioro du Rip",48,"Medina Sabakh",180,"Medina Sabakh","",622010,"6220102","Commune","Commune"
181,201,"SEN","Senegal",6,"Kaolack",20,"Nioro du Rip",48,"Medina Sabakh",181,"Ngayene","",622010,"6220103","Commune","Commune"
182,201,"SEN","Senegal",6,"Kaolack",20,"Nioro du Rip",49,"Paos Koto",182,"Dabaly","",622020,"6220205","Commune","Commune"
183,201,"SEN","Senegal",6,"Kaolack",20,"Nioro du Rip",49,"Paos Koto",183,"Darou Salam","",622020,"6220206","Commune","Commune"
184,201,"SEN","Senegal",6,"Kaolack",20,"Nioro du Rip",49,"Paos Koto",184,"Gainthe Kaye","",622020,"6220201","Commune","Commune"
185,201,"SEN","Senegal",6,"Kaolack",20,"Nioro du Rip",49,"Paos Koto",185,"Paos Koto","",622020,"6220202","Commune","Commune"
186,201,"SEN","Senegal",6,"Kaolack",20,"Nioro du Rip",49,"Paos Koto",186,"Prokhane","",622020,"6220203","Commune","Commune"
187,201,"SEN","Senegal",6,"Kaolack",20,"Nioro du Rip",49,"Paos Koto",187,"Taiba Niassene","",622020,"6220204","Commune","Commune"
188,201,"SEN","Senegal",6,"Kaolack",20,"Nioro du Rip",50,"Wack Ngouna",188,"Keur Maba Diakhou","",622030,"6220301","Commune","Commune"
189,201,"SEN","Senegal",6,"Kaolack",20,"Nioro du Rip",50,"Wack Ngouna",189,"Keur Madongo","",622030,"6220304","Commune","Commune"
190,201,"SEN","Senegal",6,"Kaolack",20,"Nioro du Rip",50,"Wack Ngouna",190,"Ndrame Escale","",622030,"6220302","Commune","Commune"
191,201,"SEN","Senegal",6,"Kaolack",20,"Nioro du Rip",50,"Wack Ngouna",191,"Wack Ngouna","",622030,"6220303","Commune","Commune"
192,201,"SEN","Senegal",7,"Kolda",21,"Kolda",51,"Dioulacolon",192,"Dioulacolon","",1012010,"10120101","Commune","Commune"
193,201,"SEN","Senegal",7,"Kolda",21,"Kolda",51,"Dioulacolon",193,"Guiro Yero Bocar","",1012010,"10120104","Commune","Commune"
194,201,"SEN","Senegal",7,"Kolda",21,"Kolda",51,"Dioulacolon",194,"Medina El Hadj","",1012010,"10120102","Commune","Commune"
195,201,"SEN","Senegal",7,"Kolda",21,"Kolda",51,"Dioulacolon",195,"Tankanto Escale","",1012010,"10120103","Commune","Commune"
196,201,"SEN","Senegal",7,"Kolda",21,"Kolda",52,"Mampatim",196,"Bagadadji","",1012020,"10120201","Commune","Commune"
197,201,"SEN","Senegal",7,"Kolda",21,"Kolda",52,"Mampatim",197,"Coumbacara","",1012020,"10120202","Commune","Commune"
198,201,"SEN","Senegal",7,"Kolda",21,"Kolda",52,"Mampatim",198,"Dialambere","",1012020,"10120204","Commune","Commune"
199,201,"SEN","Senegal",7,"Kolda",21,"Kolda",52,"Mampatim",199,"Mampatim","",1012020,"10120203","Commune","Commune"
200,201,"SEN","Senegal",7,"Kolda",21,"Kolda",52,"Mampatim",200,"Medina Cherif","",1012020,"10120205","Commune","Commune"
201,201,"SEN","Senegal",7,"Kolda",21,"Kolda",53,"Sare Bidji",201,"Sare Bidji","",1012030,"10120301","Commune","Commune"
202,201,"SEN","Senegal",7,"Kolda",21,"Kolda",53,"Sare Bidji",202,"Thietty","",1012030,"10120302","Commune","Commune"
203,201,"SEN","Senegal",7,"Kolda",22,"Médina Yoro Foula",54,"Fafacourou",203,"Badion","",1032010,"10320102","Commune","Commune"
204,201,"SEN","Senegal",7,"Kolda",22,"Médina Yoro Foula",54,"Fafacourou",204,"Fafacourou","",1032010,"10320101","Commune","Commune"
205,201,"SEN","Senegal",7,"Kolda",22,"Médina Yoro Foula",55,"Ndorna",205,"Bignaraby","",1032020,"10320202","Commune","Commune"
206,201,"SEN","Senegal",7,"Kolda",22,"Médina Yoro Foula",55,"Ndorna",206,"Bouroucou","",1032020,"10320203","Commune","Commune"
207,201,"SEN","Senegal",7,"Kolda",22,"Médina Yoro Foula",55,"Ndorna",207,"Koulinto","",1032020,"10320204","Commune","Commune"
208,201,"SEN","Senegal",7,"Kolda",22,"Médina Yoro Foula",55,"Ndorna",208,"Ndorna","",1032020,"10320201","Commune","Commune"
209,201,"SEN","Senegal",7,"Kolda",22,"Médina Yoro Foula",56,"Niaming",209,"Dinguiraye","",1032030,"10320301","Commune","Commune"
210,201,"SEN","Senegal",7,"Kolda",22,"Médina Yoro Foula",56,"Niaming",210,"Kerewane","",1032030,"10320302","Commune","Commune"
211,201,"SEN","Senegal",7,"Kolda",22,"Médina Yoro Foula",56,"Niaming",211,"Niaming","",1032030,"10320303","Commune","Commune"
212,201,"SEN","Senegal",7,"Kolda",23,"Vélingara",57,"Bonconto",212,"Bonconto","",1022010,"10220101","Commune","Commune"
213,201,"SEN","Senegal",7,"Kolda",23,"Vélingara",57,"Bonconto",213,"Linkering","",1022010,"10220102","Commune","Commune"
214,201,"SEN","Senegal",7,"Kolda",23,"Vélingara",57,"Bonconto",214,"Medina Gounass","",1022010,"10220103","Commune","Commune"
215,201,"SEN","Senegal",7,"Kolda",23,"Vélingara",57,"Bonconto",215,"Sinthiang Koundara","",1022010,"10220104","Commune","Commune"
216,201,"SEN","Senegal",7,"Kolda",23,"Vélingara",58,"Pakour",216,"Ouassadou","",1022020,"10220201","Commune","Commune"
217,201,"SEN","Senegal",7,"Kolda",23,"Vélingara",58,"Pakour",217,"Pakour","",1022020,"10220203","Commune","Commune"
218,201,"SEN","Senegal",7,"Kolda",23,"Vélingara",58,"Pakour",218,"Paroumba","",1022020,"10220202","Commune","Commune"
219,201,"SEN","Senegal",7,"Kolda",23,"Vélingara",59,"Sare Coly Sale",219,"Kandia","",1022030,"10220301","Commune","Commune"
220,201,"SEN","Senegal",7,"Kolda",23,"Vélingara",59,"Sare Coly Sale",220,"Kandiaye","",1022030,"10220304","Commune","Commune"
221,201,"SEN","Senegal",7,"Kolda",23,"Vélingara",59,"Sare Coly Sale",221,"Nemataba","",1022030,"10220303","Commune","Commune"
222,201,"SEN","Senegal",7,"Kolda",23,"Vélingara",59,"Sare Coly Sale",222,"Sare Coly Sale","",1022030,"10220302","Commune","Commune"
223,201,"SEN","Senegal",8,"Louga",24,"Kébémer",60,"Darou Mousty",223,"Darou Marnane","",812010,"8120101","Commune","Commune"
224,201,"SEN","Senegal",8,"Louga",24,"Kébémer",60,"Darou Mousty",224,"Darou Mousty","",812010,"8120102","Commune","Commune"
225,201,"SEN","Senegal",8,"Louga",24,"Kébémer",60,"Darou Mousty",225,"Mbacke Kadior","",812010,"8120107","Commune","Commune"
226,201,"SEN","Senegal",8,"Louga",24,"Kébémer",60,"Darou Mousty",226,"Mbadiane","",812010,"8120103","Commune","Commune"
227,201,"SEN","Senegal",8,"Louga",24,"Kébémer",60,"Darou Mousty",227,"Ndoyene","",812010,"8120104","Commune","Commune"
228,201,"SEN","Senegal",8,"Louga",24,"Kébémer",60,"Darou Mousty",228,"Sam Yabal","",812010,"8120105","Commune","Commune"
229,201,"SEN","Senegal",8,"Louga",24,"Kébémer",60,"Darou Mousty",229,"Touba Merina","",812010,"8120106","Commune","Commune"
230,201,"SEN","Senegal",8,"Louga",24,"Kébémer",61,"Sagatta Gueth",230,"Badegne Ouolof","",812020,"8120201","Commune","Commune"
231,201,"SEN","Senegal",8,"Louga",24,"Kébémer",61,"Sagatta Gueth",231,"Diokoul Diawrigne","",812020,"8120202","Commune","Commune"
232,201,"SEN","Senegal",8,"Louga",24,"Kébémer",61,"Sagatta Gueth",232,"Kab Gaye","",NA,"","Commune","Commune"
233,201,"SEN","Senegal",8,"Louga",24,"Kébémer",61,"Sagatta Gueth",233,"Kanene Ndiob","",812030,"8120301","Commune","Commune"
234,201,"SEN","Senegal",8,"Louga",24,"Kébémer",61,"Sagatta Gueth",234,"Loro","",812030,"8120302","Commune","Commune"
235,201,"SEN","Senegal",8,"Louga",24,"Kébémer",61,"Sagatta Gueth",235,"Ndande","",812020,"8120204","Commune","Commune"
236,201,"SEN","Senegal",8,"Louga",24,"Kébémer",61,"Sagatta Gueth",236,"Ngourane Ouolof","",812030,"8120305","Commune","Commune"
237,201,"SEN","Senegal",8,"Louga",24,"Kébémer",61,"Sagatta Gueth",237,"Sagatta Gueth","",812030,"8120303","Commune","Commune"
238,201,"SEN","Senegal",8,"Louga",24,"Kébémer",61,"Sagatta Gueth",238,"Thieppe","",812020,"8120205","Commune","Commune"
239,201,"SEN","Senegal",8,"Louga",24,"Kébémer",61,"Sagatta Gueth",239,"Thiolom Fall","",812030,"8120304","Commune","Commune"
240,201,"SEN","Senegal",8,"Louga",25,"Linguère",62,"Barkedji",240,"Barkedji","",822010,"8220101","Commune","Commune"
241,201,"SEN","Senegal",8,"Louga",25,"Linguère",62,"Barkedji",241,"Gassane","",822010,"8220102","Commune","Commune"
242,201,"SEN","Senegal",8,"Louga",25,"Linguère",62,"Barkedji",242,"Thiargny","",822010,"8220103","Commune","Commune"
243,201,"SEN","Senegal",8,"Louga",25,"Linguère",62,"Barkedji",243,"Thiel","",822010,"8220104","Commune","Commune"
244,201,"SEN","Senegal",8,"Louga",25,"Linguère",63,"Dodji",244,"Dodji","",822020,"8220201","Commune","Commune"
245,201,"SEN","Senegal",8,"Louga",25,"Linguère",63,"Dodji",245,"Labgar","",822020,"8220202","Commune","Commune"
246,201,"SEN","Senegal",8,"Louga",25,"Linguère",63,"Dodji",246,"Ouarkhokh","",822020,"8220203","Commune","Commune"
247,201,"SEN","Senegal",8,"Louga",25,"Linguère",64,"Sagatta Djolof",247,"Affe Djolof","",822040,"8220405","Commune","Commune"
248,201,"SEN","Senegal",8,"Louga",25,"Linguère",64,"Sagatta Djolof",248,"Boulal","",822040,"8220401","Commune","Commune"
249,201,"SEN","Senegal",8,"Louga",25,"Linguère",64,"Sagatta Djolof",249,"Deali","",822040,"8220402","Commune","Commune"
250,201,"SEN","Senegal",8,"Louga",25,"Linguère",64,"Sagatta Djolof",250,"Sagatta Djolof","",822040,"8220403","Commune","Commune"
251,201,"SEN","Senegal",8,"Louga",25,"Linguère",64,"Sagatta Djolof",251,"Thiamene Djolof","",822040,"8220404","Commune","Commune"
252,201,"SEN","Senegal",8,"Louga",25,"Linguère",65,"Yang Yang",252,"Kamb","",822030,"8220301","Commune","Commune"
253,201,"SEN","Senegal",8,"Louga",25,"Linguère",65,"Yang Yang",253,"Mboula","",822030,"8220302","Commune","Commune"
254,201,"SEN","Senegal",8,"Louga",25,"Linguère",65,"Yang Yang",254,"Tessekre Forage","",822030,"8220303","Commune","Commune"
255,201,"SEN","Senegal",8,"Louga",25,"Linguère",65,"Yang Yang",255,"Yang Yang","",822030,"8220304","Commune","Commune"
256,201,"SEN","Senegal",8,"Louga",26,"Louga",66,"Coki",256,"Coki","",832010,"8320101","Commune","Commune"
257,201,"SEN","Senegal",8,"Louga",26,"Louga",66,"Coki",257,"Guet Ardo","",832010,"8320104","Commune","Commune"
258,201,"SEN","Senegal",8,"Louga",26,"Louga",66,"Coki",258,"Pete Ouarack","",832010,"8320102","Commune","Commune"
259,201,"SEN","Senegal",8,"Louga",26,"Louga",66,"Coki",259,"Thiamene Cayor","",832010,"8320103","Commune","Commune"
260,201,"SEN","Senegal",8,"Louga",26,"Louga",67,"Mbediene",260,"Kelle Gueye","",832030,"8320301","Commune","Commune"
261,201,"SEN","Senegal",8,"Louga",26,"Louga",67,"Mbediene",261,"Mbediene","",832030,"8320302","Commune","Commune"
262,201,"SEN","Senegal",8,"Louga",26,"Louga",67,"Mbediene",262,"Nguidile","",832030,"8320303","Commune","Commune"
263,201,"SEN","Senegal",8,"Louga",26,"Louga",67,"Mbediene",263,"Niomre","",832030,"8320304","Commune","Commune"
264,201,"SEN","Senegal",8,"Louga",26,"Louga",68,"Meur Momar Sarr",264,"Gande","",832020,"8320201","Commune","Commune"
265,201,"SEN","Senegal",8,"Louga",26,"Louga",68,"Meur Momar Sarr",265,"Keur Momar Sarr","",832020,"8320202","Commune","Commune"
266,201,"SEN","Senegal",8,"Louga",26,"Louga",68,"Meur Momar Sarr",266,"Nguer Malal","",832020,"8320203","Commune","Commune"
267,201,"SEN","Senegal",8,"Louga",26,"Louga",68,"Meur Momar Sarr",267,"Syer","",832020,"8320204","Commune","Commune"
268,201,"SEN","Senegal",8,"Louga",26,"Louga",69,"Sakal",268,"Leona","",832040,"8320401","Commune","Commune"
269,201,"SEN","Senegal",8,"Louga",26,"Louga",69,"Sakal",269,"Ngueune Sarr","",832040,"8320402","Commune","Commune"
270,201,"SEN","Senegal",8,"Louga",26,"Louga",69,"Sakal",270,"Sakal","",832040,"8320403","Commune","Commune"
271,201,"SEN","Senegal",9,"Matam",27,"Kanel",70,"Orkadiere",271,"Aoure","",1122010,"11220103","Commune","Commune"
272,201,"SEN","Senegal",9,"Matam",27,"Kanel",70,"Orkadiere",272,"Bokiladji","",1122010,"11220101","Commune","Commune"
273,201,"SEN","Senegal",9,"Matam",27,"Kanel",70,"Orkadiere",273,"Orkadiere","",1122010,"11220102","Commune","Commune"
274,201,"SEN","Senegal",9,"Matam",27,"Kanel",71,"Ouro Sidy",274,"Ndendory","",1122020,"11220201","Commune","Commune"
275,201,"SEN","Senegal",9,"Matam",27,"Kanel",71,"Ouro Sidy",275,"Ouro Sidy","",1122020,"11220202","Commune","Commune"
276,201,"SEN","Senegal",9,"Matam",28,"Matam",72,"Agnam Civol",276,"Agnam Civol","",1112010,"11120101","Commune","Commune"
277,201,"SEN","Senegal",9,"Matam",28,"Matam",72,"Agnam Civol",277,"Dabia Obedji","",1112010,"11120103","Commune","Commune"
278,201,"SEN","Senegal",9,"Matam",28,"Matam",72,"Agnam Civol",278,"Orefonde","",1112010,"11120102","Commune","Commune"
279,201,"SEN","Senegal",9,"Matam",28,"Matam",73,"Ogo",279,"Bokidiawe","",1112020,"11120201","Commune","Commune"
280,201,"SEN","Senegal",9,"Matam",28,"Matam",73,"Ogo",280,"Nabadji Civol","",1112020,"11120202","Commune","Commune"
281,201,"SEN","Senegal",9,"Matam",28,"Matam",73,"Ogo",281,"Ogo","",1112020,"11120203","Commune","Commune"
282,201,"SEN","Senegal",9,"Matam",29,"Ranérou Ferlo",74,"Velingara",282,"Houdalaye","",1132010,"11320103","Commune","Commune"
283,201,"SEN","Senegal",9,"Matam",29,"Ranérou Ferlo",74,"Velingara",283,"Louguere Thioly","",1132010,"11320101","Commune","Commune"
284,201,"SEN","Senegal",9,"Matam",29,"Ranérou Ferlo",74,"Velingara",284,"Velingara","",1132010,"11320102","Commune","Commune"
285,201,"SEN","Senegal",10,"Sédhiou",30,"Bounkiling",75,"Boghal",285,"Boghal","",1422010,"14220101","Commune","Commune"
286,201,"SEN","Senegal",10,"Sédhiou",30,"Bounkiling",75,"Boghal",286,"Djinani","",1422010,"14220103","Commune","Commune"
287,201,"SEN","Senegal",10,"Sédhiou",30,"Bounkiling",75,"Boghal",287,"Ndiamalathiel","",1422010,"14220104","Commune","Commune"
288,201,"SEN","Senegal",10,"Sédhiou",30,"Bounkiling",75,"Boghal",288,"Tankon","",1422010,"14220102","Commune","Commune"
289,201,"SEN","Senegal",10,"Sédhiou",30,"Bounkiling",76,"Bona",289,"Bona","",1422020,"14220201","Commune","Commune"
290,201,"SEN","Senegal",10,"Sédhiou",30,"Bounkiling",76,"Bona",290,"Diacounda","",1422020,"14220202","Commune","Commune"
291,201,"SEN","Senegal",10,"Sédhiou",30,"Bounkiling",76,"Bona",291,"Inor","",1422020,"14220203","Commune","Commune"
292,201,"SEN","Senegal",10,"Sédhiou",30,"Bounkiling",76,"Bona",292,"Kandion Mangana","",1422020,"14220204","Commune","Commune"
293,201,"SEN","Senegal",10,"Sédhiou",30,"Bounkiling",77,"Diaroume",293,"Diambaty","",1422030,"14220302","Commune","Commune"
294,201,"SEN","Senegal",10,"Sédhiou",30,"Bounkiling",77,"Diaroume",294,"Diaroume","",1422030,"14220301","Commune","Commune"
295,201,"SEN","Senegal",10,"Sédhiou",30,"Bounkiling",77,"Diaroume",295,"Faoune","",1422030,"14220303","Commune","Commune"
296,201,"SEN","Senegal",10,"Sédhiou",31,"Goudomp",78,"Djibanar",296,"Djibanar","",1432010,"14320101","Commune","Commune"
297,201,"SEN","Senegal",10,"Sédhiou",31,"Goudomp",78,"Djibanar",297,"Kaour","",1432010,"14320102","Commune","Commune"
298,201,"SEN","Senegal",10,"Sédhiou",31,"Goudomp",78,"Djibanar",298,"Mangaroungou Santo","",1432010,"14320103","Commune","Commune"
299,201,"SEN","Senegal",10,"Sédhiou",31,"Goudomp",78,"Djibanar",299,"Simbandi Balante","",1432010,"14320104","Commune","Commune"
300,201,"SEN","Senegal",10,"Sédhiou",31,"Goudomp",78,"Djibanar",300,"Yarang Balante","",1432010,"14320105","Commune","Commune"
301,201,"SEN","Senegal",10,"Sédhiou",31,"Goudomp",79,"Karantaba",301,"Karantaba","",1432020,"14320201","Commune","Commune"
302,201,"SEN","Senegal",10,"Sédhiou",31,"Goudomp",79,"Karantaba",302,"Kolibantang","",1432020,"14320202","Commune","Commune"
303,201,"SEN","Senegal",10,"Sédhiou",31,"Goudomp",80,"Simbandi Brassou",303,"Baghere","",1432030,"14320303","Commune","Commune"
304,201,"SEN","Senegal",10,"Sédhiou",31,"Goudomp",80,"Simbandi Brassou",304,"Diouboudou","",1432030,"14320304","Commune","Commune"
305,201,"SEN","Senegal",10,"Sédhiou",31,"Goudomp",80,"Simbandi Brassou",305,"Niagha","",1432030,"14320301","Commune","Commune"
306,201,"SEN","Senegal",10,"Sédhiou",31,"Goudomp",80,"Simbandi Brassou",306,"Simbandi Brassou","",1432030,"14320302","Commune","Commune"
307,201,"SEN","Senegal",10,"Sédhiou",32,"Sédhiou",81,"Diende",307,"Diannah Ba","",1412010,"14120103","Commune","Commune"
308,201,"SEN","Senegal",10,"Sédhiou",32,"Sédhiou",81,"Diende",308,"Diende","",1412010,"14120101","Commune","Commune"
309,201,"SEN","Senegal",10,"Sédhiou",32,"Sédhiou",81,"Diende",309,"Koussy","",1412010,"14120104","Commune","Commune"
310,201,"SEN","Senegal",10,"Sédhiou",32,"Sédhiou",81,"Diende",310,"Oudoucar","",1412010,"14120105","Commune","Commune"
311,201,"SEN","Senegal",10,"Sédhiou",32,"Sédhiou",81,"Diende",311,"Sakar","",1412010,"14120102","Commune","Commune"
312,201,"SEN","Senegal",10,"Sédhiou",32,"Sédhiou",81,"Diende",312,"Same Kanta Peulh","",1412010,"14120106","Commune","Commune"
313,201,"SEN","Senegal",10,"Sédhiou",32,"Sédhiou",82,"Djibabouya",313,"Bemet Bidjini","",1412020,"14120201","Commune","Commune"
314,201,"SEN","Senegal",10,"Sédhiou",32,"Sédhiou",82,"Djibabouya",314,"Djibabouya","",1412020,"14120203","Commune","Commune"
315,201,"SEN","Senegal",10,"Sédhiou",32,"Sédhiou",82,"Djibabouya",315,"Sansamba","",1412020,"14120202","Commune","Commune"
316,201,"SEN","Senegal",10,"Sédhiou",32,"Sédhiou",83,"Djiredji",316,"Bambali","",1412030,"14120301","Commune","Commune"
317,201,"SEN","Senegal",10,"Sédhiou",32,"Sédhiou",83,"Djiredji",317,"Djiredji","",1412030,"14120302","Commune","Commune"
318,201,"SEN","Senegal",11,"Saint-Louis",33,"Dagana",84,"Mbane",318,"Bokhol","",412010,"4120102","Commune","Commune"
319,201,"SEN","Senegal",11,"Saint-Louis",33,"Dagana",84,"Mbane",319,"Mbane","",412010,"4120101","Commune","Commune"
320,201,"SEN","Senegal",11,"Saint-Louis",33,"Dagana",85,"Ndiaye Mberess",320,"Diama","",412020,"4120201","Commune","Commune"
321,201,"SEN","Senegal",11,"Saint-Louis",33,"Dagana",85,"Ndiaye Mberess",321,"Ngnith","",412020,"4120202","Commune","Commune"
322,201,"SEN","Senegal",11,"Saint-Louis",33,"Dagana",85,"Ndiaye Mberess",322,"Ronkh","",412020,"4120203","Commune","Commune"
323,201,"SEN","Senegal",11,"Saint-Louis",34,"Podor",86,"Cas Cas",323,"Dounga Lao","",422010,"4220102","Commune","Commune"
324,201,"SEN","Senegal",11,"Saint-Louis",34,"Podor",86,"Cas Cas",324,"Medina Ndiathbe","",422010,"4220101","Commune","Commune"
325,201,"SEN","Senegal",11,"Saint-Louis",34,"Podor",86,"Cas Cas",325,"Mery","",422010,"4220103","Commune","Commune"
326,201,"SEN","Senegal",11,"Saint-Louis",34,"Podor",87,"Gamadji Sarre",326,"Dodel","",422040,"4220401","Commune","Commune"
327,201,"SEN","Senegal",11,"Saint-Louis",34,"Podor",87,"Gamadji Sarre",327,"Gamadji Sarre","",422040,"4220402","Commune","Commune"
328,201,"SEN","Senegal",11,"Saint-Louis",34,"Podor",87,"Gamadji Sarre",328,"Guede Village","",422040,"4220403","Commune","Commune"
329,201,"SEN","Senegal",11,"Saint-Louis",34,"Podor",88,"Salde",329,"Boke Dialloube","",422020,"4220201","Commune","Commune"
330,201,"SEN","Senegal",11,"Saint-Louis",34,"Podor",88,"Salde",330,"Mbolo Birane","",422020,"4220202","Commune","Commune"
331,201,"SEN","Senegal",11,"Saint-Louis",34,"Podor",89,"Thile Boubacar",331,"Fanaye","",422030,"4220301","Commune","Commune"
332,201,"SEN","Senegal",11,"Saint-Louis",34,"Podor",89,"Thile Boubacar",332,"Ndiayene Pendao","",422030,"4220302","Commune","Commune"
333,201,"SEN","Senegal",11,"Saint-Louis",35,"Saint-Louis",90,"Rao",333,"Fass Ngom","",432010,"4320102","Commune","Commune"
334,201,"SEN","Senegal",11,"Saint-Louis",35,"Saint-Louis",90,"Rao",334,"Gandon","",432010,"4320101","Commune","Commune"
335,201,"SEN","Senegal",11,"Saint-Louis",35,"Saint-Louis",90,"Rao",335,"Ndiebene Gandiole","",432010,"4320103","Commune","Commune"
336,201,"SEN","Senegal",12,"Tambacounda",36,"Bakel",91,"Bele",336,"Bele","",512020,"5120201","Commune","Commune"
337,201,"SEN","Senegal",12,"Tambacounda",36,"Bakel",91,"Bele",337,"Sinthiou Fissa","",512020,"5120202","Commune","Commune"
338,201,"SEN","Senegal",12,"Tambacounda",36,"Bakel",92,"Kenieba",338,"Gathiary","",512010,"5120101","Commune","Commune"
339,201,"SEN","Senegal",12,"Tambacounda",36,"Bakel",92,"Kenieba",339,"Madina Foulbe","",512010,"5120102","Commune","Commune"
340,201,"SEN","Senegal",12,"Tambacounda",36,"Bakel",92,"Kenieba",340,"Sadatou","",512010,"5120103","Commune","Commune"
341,201,"SEN","Senegal",12,"Tambacounda",36,"Bakel",92,"Kenieba",341,"Toumboura","",512010,"5120104","Commune","Commune"
342,201,"SEN","Senegal",12,"Tambacounda",36,"Bakel",93,"Moudery",342,"Ballou","",512030,"5120301","Commune","Commune"
343,201,"SEN","Senegal",12,"Tambacounda",36,"Bakel",93,"Moudery",343,"Gabou","",512030,"5120302","Commune","Commune"
344,201,"SEN","Senegal",12,"Tambacounda",36,"Bakel",93,"Moudery",344,"Moudery","",512030,"5120303","Commune","Commune"
345,201,"SEN","Senegal",12,"Tambacounda",37,"Goudiry",94,"Bala",345,"Bala","",532010,"5320101","Commune","Commune"
346,201,"SEN","Senegal",12,"Tambacounda",37,"Goudiry",94,"Bala",346,"Goumbayel","",532010,"5320102","Commune","Commune"
347,201,"SEN","Senegal",12,"Tambacounda",37,"Goudiry",94,"Bala",347,"Koar","",532010,"5320103","Commune","Commune"
348,201,"SEN","Senegal",12,"Tambacounda",37,"Goudiry",95,"Boynguel Bamba",348,"Boynguel Bamba","",532020,"5320202","Commune","Commune"
349,201,"SEN","Senegal",12,"Tambacounda",37,"Goudiry",95,"Boynguel Bamba",349,"Dougue","",532020,"5320201","Commune","Commune"
350,201,"SEN","Senegal",12,"Tambacounda",37,"Goudiry",95,"Boynguel Bamba",350,"Koussan","",532020,"5320203","Commune","Commune"
351,201,"SEN","Senegal",12,"Tambacounda",37,"Goudiry",95,"Boynguel Bamba",351,"Sinthiou Mamadou Boubou","",532020,"5320204","Commune","Commune"
352,201,"SEN","Senegal",12,"Tambacounda",37,"Goudiry",96,"Dianke Makha",352,"Bani Israel","",532030,"5320301","Commune","Commune"
353,201,"SEN","Senegal",12,"Tambacounda",37,"Goudiry",96,"Dianke Makha",353,"Boutoucoufara","",532030,"5320302","Commune","Commune"
354,201,"SEN","Senegal",12,"Tambacounda",37,"Goudiry",96,"Dianke Makha",354,"Dianke Makha","",532030,"5320303","Commune","Commune"
355,201,"SEN","Senegal",12,"Tambacounda",37,"Goudiry",96,"Dianke Makha",355,"Komoti","",532030,"5320304","Commune","Commune"
356,201,"SEN","Senegal",12,"Tambacounda",37,"Goudiry",97,"Koulor",356,"Koulor","",532040,"5320401","Commune","Commune"
357,201,"SEN","Senegal",12,"Tambacounda",37,"Goudiry",97,"Koulor",357,"Sinthiou Bocar Ali","",532040,"5320402","Commune","Commune"
358,201,"SEN","Senegal",12,"Tambacounda",38,"Koupentoum",98,"Bamba Ndiayene",358,"Bamba Ndiayene","",542010,"5420101","Commune","Commune"
359,201,"SEN","Senegal",12,"Tambacounda",38,"Koupentoum",98,"Bamba Ndiayene",359,"Kahene","",542010,"5420102","Commune","Commune"
360,201,"SEN","Senegal",12,"Tambacounda",38,"Koupentoum",98,"Bamba Ndiayene",360,"Mereto","",542010,"5420103","Commune","Commune"
361,201,"SEN","Senegal",12,"Tambacounda",38,"Koupentoum",98,"Bamba Ndiayene",361,"Ndame","",542010,"5420104","Commune","Commune"
362,201,"SEN","Senegal",12,"Tambacounda",38,"Koupentoum",99,"Kouthiaba Ouolof",362,"Kouthia Gaydi","",542020,"5420201","Commune","Commune"
363,201,"SEN","Senegal",12,"Tambacounda",38,"Koupentoum",99,"Kouthiaba Ouolof",363,"Kouthiaba Ouolof","",542020,"5420202","Commune","Commune"
364,201,"SEN","Senegal",12,"Tambacounda",38,"Koupentoum",99,"Kouthiaba Ouolof",364,"Pass Koto","",542020,"5420203","Commune","Commune"
365,201,"SEN","Senegal",12,"Tambacounda",38,"Koupentoum",99,"Kouthiaba Ouolof",365,"Payar","",542020,"5420204","Commune","Commune"
366,201,"SEN","Senegal",12,"Tambacounda",39,"Tambacounda",100,"Koussanar",366,"Koussanar","",522010,"5220101","Commune","Commune"
367,201,"SEN","Senegal",12,"Tambacounda",39,"Tambacounda",100,"Koussanar",367,"Sinthiou Maleme","",522010,"5220102","Commune","Commune"
368,201,"SEN","Senegal",12,"Tambacounda",39,"Tambacounda",101,"Makacoulibantang",368,"Makacoulibantang","",522020,"5220201","Commune","Commune"
369,201,"SEN","Senegal",12,"Tambacounda",39,"Tambacounda",101,"Makacoulibantang",369,"Ndoga Babacar","",522020,"5220202","Commune","Commune"
370,201,"SEN","Senegal",12,"Tambacounda",39,"Tambacounda",101,"Makacoulibantang",370,"Niani Toucouleur","",522020,"5220203","Commune","Commune"
371,201,"SEN","Senegal",12,"Tambacounda",39,"Tambacounda",102,"Missirah",371,"Dialacoto","",522030,"5220301","Commune","Commune"
372,201,"SEN","Senegal",12,"Tambacounda",39,"Tambacounda",102,"Missirah",372,"Missirah","",522030,"5220302","Commune","Commune"
373,201,"SEN","Senegal",12,"Tambacounda",39,"Tambacounda",102,"Missirah",373,"Netteboulou","",522030,"5220303","Commune","Commune"
374,201,"SEN","Senegal",13,"Thiès",40,"Mbour",103,"Fissel",374,"Fissel","",712010,"7120101","Commune","Commune"
375,201,"SEN","Senegal",13,"Thiès",40,"Mbour",103,"Fissel",375,"Ndiaganiao","",712010,"7120102","Commune","Commune"
376,201,"SEN","Senegal",13,"Thiès",40,"Mbour",104,"Sessene",376,"Ngueniene","",712020,"7120201","Commune","Commune"
377,201,"SEN","Senegal",13,"Thiès",40,"Mbour",104,"Sessene",377,"Sandiara","",712020,"7120202","Commune","Commune"
378,201,"SEN","Senegal",13,"Thiès",40,"Mbour",104,"Sessene",378,"Sessene","",712020,"7120203","Commune","Commune"
379,201,"SEN","Senegal",13,"Thiès",40,"Mbour",105,"Sindia",379,"Diass","",712030,"7120302","Commune","Commune"
380,201,"SEN","Senegal",13,"Thiès",40,"Mbour",105,"Sindia",380,"Malicounda","",712030,"7120301","Commune","Commune"
381,201,"SEN","Senegal",13,"Thiès",40,"Mbour",105,"Sindia",381,"Sindia","",712030,"7120303","Commune","Commune"
382,201,"SEN","Senegal",13,"Thiès",41,"Thiès",106,"Keur Moussa",382,"Diender Guedji","",722030,"7220301","Commune","Commune"
383,201,"SEN","Senegal",13,"Thiès",41,"Thiès",106,"Keur Moussa",383,"Fandene","",722030,"7220302","Commune","Commune"
384,201,"SEN","Senegal",13,"Thiès",41,"Thiès",106,"Keur Moussa",384,"Keur Moussa","",722030,"7220303","Commune","Commune"
385,201,"SEN","Senegal",13,"Thiès",41,"Thiès",107,"Notto",385,"Notto","",722010,"7220101","Commune","Commune"
386,201,"SEN","Senegal",13,"Thiès",41,"Thiès",107,"Notto",386,"Tassette","",722010,"7220102","Commune","Commune"
387,201,"SEN","Senegal",13,"Thiès",41,"Thiès",108,"Thienaba",387,"Ndieyene Sirakh","",722020,"7220201","Commune","Commune"
388,201,"SEN","Senegal",13,"Thiès",41,"Thiès",108,"Thienaba",388,"Ngoudiane","",722020,"7220202","Commune","Commune"
389,201,"SEN","Senegal",13,"Thiès",41,"Thiès",108,"Thienaba",389,"Thienaba","",722020,"7220203","Commune","Commune"
390,201,"SEN","Senegal",13,"Thiès",41,"Thiès",108,"Thienaba",390,"Touba Toul","",722020,"7220204","Commune","Commune"
391,201,"SEN","Senegal",13,"Thiès",41,"Thiès",109,"Thies Nord",391,"Thies Nord","",723011,"7230111","Commune","Commune"
392,201,"SEN","Senegal",13,"Thiès",41,"Thiès",110,"Thies Sud",392,"Thies Est","",723012,"7230121","Commune","Commune"
393,201,"SEN","Senegal",13,"Thiès",41,"Thiès",110,"Thies Sud",393,"Thies Ouest","",723012,"7230122","Commune","Commune"
394,201,"SEN","Senegal",13,"Thiès",42,"Tivaouane",111,"Meouane",394,"Meouane","",732010,"7320101","Commune","Commune"
395,201,"SEN","Senegal",13,"Thiès",42,"Tivaouane",111,"Meouane",395,"Taiba Ndiaye","",732010,"7320102","Commune","Commune"
396,201,"SEN","Senegal",13,"Thiès",42,"Tivaouane",112,"Mequane",396,"Darhou Khoudoss","",732010,"7320103","Commune","Commune"
397,201,"SEN","Senegal",13,"Thiès",42,"Tivaouane",113,"Merina Dakhar",397,"Koul","",732020,"7320201","Commune","Commune"
398,201,"SEN","Senegal",13,"Thiès",42,"Tivaouane",113,"Merina Dakhar",398,"Merina Dakhar","",732020,"7320202","Commune","Commune"
399,201,"SEN","Senegal",13,"Thiès",42,"Tivaouane",113,"Merina Dakhar",399,"Pekesse","",732020,"7320203","Commune","Commune"
400,201,"SEN","Senegal",13,"Thiès",42,"Tivaouane",114,"Niakhene",400,"Mbayene","",732030,"7320301","Commune","Commune"
401,201,"SEN","Senegal",13,"Thiès",42,"Tivaouane",114,"Niakhene",401,"Ngandiouf","",732030,"7320302","Commune","Commune"
402,201,"SEN","Senegal",13,"Thiès",42,"Tivaouane",114,"Niakhene",402,"Niakhene","",732030,"7320303","Commune","Commune"
403,201,"SEN","Senegal",13,"Thiès",42,"Tivaouane",114,"Niakhene",403,"Thilmakha","",732030,"7320304","Commune","Commune"
404,201,"SEN","Senegal",13,"Thiès",42,"Tivaouane",115,"Pambal",404,"Cherif Lo","",732040,"7320401","Commune","Commune"
405,201,"SEN","Senegal",13,"Thiès",42,"Tivaouane",115,"Pambal",405,"Mont Roland","",732040,"7320402","Commune","Commune"
406,201,"SEN","Senegal",13,"Thiès",42,"Tivaouane",115,"Pambal",406,"Notto Gouye Diama","",732040,"7320403","Commune","Commune"
407,201,"SEN","Senegal",13,"Thiès",42,"Tivaouane",115,"Pambal",407,"Pambal","",732040,"7320405","Commune","Commune"
408,201,"SEN","Senegal",13,"Thiès",42,"Tivaouane",115,"Pambal",408,"Pire Goureye","",732040,"7320404","Commune","Commune"
409,201,"SEN","Senegal",14,"Ziguinchor",43,"Bignona",116,"Kataba I",409,"Djinaky","",212040,"2120401","Commune","Commune"
410,201,"SEN","Senegal",14,"Ziguinchor",43,"Bignona",116,"Kataba I",410,"Kafountine","",212040,"2120402","Commune","Commune"
411,201,"SEN","Senegal",14,"Ziguinchor",43,"Bignona",116,"Kataba I",411,"Kataba I","",212040,"2120403","Commune","Commune"
412,201,"SEN","Senegal",14,"Ziguinchor",43,"Bignona",117,"Sindian",412,"Djibidione","",212010,"2120101","Commune","Commune"
413,201,"SEN","Senegal",14,"Ziguinchor",43,"Bignona",117,"Sindian",413,"Oulampane","",212010,"2120102","Commune","Commune"
414,201,"SEN","Senegal",14,"Ziguinchor",43,"Bignona",117,"Sindian",414,"Sindian","",212010,"2120103","Commune","Commune"
415,201,"SEN","Senegal",14,"Ziguinchor",43,"Bignona",117,"Sindian",415,"Suelle","",212010,"2120104","Commune","Commune"
416,201,"SEN","Senegal",14,"Ziguinchor",43,"Bignona",118,"Tendouck",416,"Balingore","",212020,"2120201","Commune","Commune"
417,201,"SEN","Senegal",14,"Ziguinchor",43,"Bignona",118,"Tendouck",417,"Diegoune","",212020,"2120202","Commune","Commune"
418,201,"SEN","Senegal",14,"Ziguinchor",43,"Bignona",118,"Tendouck",418,"Karthiack","",212020,"2120203","Commune","Commune"
419,201,"SEN","Senegal",14,"Ziguinchor",43,"Bignona",118,"Tendouck",419,"Mangagoulack","",212020,"2120204","Commune","Commune"
420,201,"SEN","Senegal",14,"Ziguinchor",43,"Bignona",118,"Tendouck",420,"Mlomp","",212020,"2120205","Commune","Commune"
421,201,"SEN","Senegal",14,"Ziguinchor",43,"Bignona",119,"Tenghory",421,"Coubalan","",212030,"2120301","Commune","Commune"
422,201,"SEN","Senegal",14,"Ziguinchor",43,"Bignona",119,"Tenghory",422,"Niamone","",212030,"2120302","Commune","Commune"
423,201,"SEN","Senegal",14,"Ziguinchor",43,"Bignona",119,"Tenghory",423,"Ouonck","",212030,"2120303","Commune","Commune"
424,201,"SEN","Senegal",14,"Ziguinchor",43,"Bignona",119,"Tenghory",424,"Tenghory","",212030,"2120304","Commune","Commune"
425,201,"SEN","Senegal",14,"Ziguinchor",44,"Oussouye",120,"Cabrousse",425,"Diembering","",222010,"2220101","Commune","Commune"
426,201,"SEN","Senegal",14,"Ziguinchor",44,"Oussouye",120,"Cabrousse",426,"Santhiaba Manjacque","",222010,"2220102","Commune","Commune"
427,201,"SEN","Senegal",14,"Ziguinchor",44,"Oussouye",121,"Loudia Ouolof",427,"Mlomp","",222020,"2220201","Commune","Commune"
428,201,"SEN","Senegal",14,"Ziguinchor",44,"Oussouye",121,"Loudia Ouolof",428,"Oukout","",222020,"2220202","Commune","Commune"
429,201,"SEN","Senegal",14,"Ziguinchor",45,"Ziguinchor",122,"Niaguis",429,"Adeane","",232010,"2320101","Commune","Commune"
430,201,"SEN","Senegal",14,"Ziguinchor",45,"Ziguinchor",122,"Niaguis",430,"Boutoupa Camara Counda","",232010,"2320102","Commune","Commune"
431,201,"SEN","Senegal",14,"Ziguinchor",45,"Ziguinchor",122,"Niaguis",431,"Niaguis","",232010,"2320103","Commune","Commune"
432,201,"SEN","Senegal",14,"Ziguinchor",45,"Ziguinchor",123,"Nyassia",432,"Enampore","",232020,"2320201","Commune","Commune"
433,201,"SEN","Senegal",14,"Ziguinchor",45,"Ziguinchor",123,"Nyassia",433,"Nyassia","",232020,"2320202","Commune","Commune"
