"OBJECTID","ID_0","ISO","NAME_0","ID_1","NAME_1","ID_2","NAME_2","ID_3","NAME_3","CCN_3","CCA_3","TYPE_3","ENGTYPE_3","NL_NAME_3","VARNAME_3"
1,201,"SEN","Senegal",1,"Dakar",1,"Dakar",1,"Almadies",113013,"113013","Arrondissment","Arrondissement","",""
2,201,"SEN","Senegal",1,"Dakar",1,"Dakar",2,"Dakar Plateau",113011,"113011","Arrondissment","Arrondissement","",""
3,201,"SEN","Senegal",1,"Dakar",1,"Dakar",2,"Dakar Plateau",113012,"113012","Arrondissment","Arrondissement","",""
4,201,"SEN","Senegal",1,"Dakar",1,"Dakar",3,"Grand Dakar",113012,"113012","Arrondissment","Arrondissement","",""
5,201,"SEN","Senegal",1,"Dakar",1,"Dakar",4,"Parcelles Assainies",113014,"113014","Arrondissment","Arrondissement","",""
6,201,"SEN","Senegal",1,"Dakar",2,"Guédiawaye",5,"Guediawaye",143011,"143011","Arrondissment","Arrondissement","",""
7,201,"SEN","Senegal",1,"Dakar",3,"Pikine",6,"Niayes",123011,"123011","Arrondissment","Arrondissement","",""
8,201,"SEN","Senegal",1,"Dakar",3,"Pikine",7,"Pikine Dagoudane",123012,"123012","Arrondissment","Arrondissement","",""
9,201,"SEN","Senegal",1,"Dakar",3,"Pikine",8,"Thiaroye",123013,"123013","Arrondissment","Arrondissement","",""
10,201,"SEN","Senegal",1,"Dakar",4,"Rufisque",9,"Bambilor",132010,"132010","Arrondissment","Arrondissement","",""
11,201,"SEN","Senegal",1,"Dakar",4,"Rufisque",10,"Rufisque",133011,"133011","Arrondissment","Arrondissement","",""
12,201,"SEN","Senegal",2,"Diourbel",5,"Bambey",11,"Baba Garage",312010,"312010","Arrondissment","Arrondissement","",""
13,201,"SEN","Senegal",2,"Diourbel",5,"Bambey",12,"Lambaye",312020,"312020","Arrondissment","Arrondissement","",""
14,201,"SEN","Senegal",2,"Diourbel",5,"Bambey",13,"Ngoye",312030,"312030","Arrondissment","Arrondissement","",""
15,201,"SEN","Senegal",2,"Diourbel",6,"Diourbel",14,"Ndindy",322010,"322010","Arrondissment","Arrondissement","",""
16,201,"SEN","Senegal",2,"Diourbel",6,"Diourbel",15,"Ndoulo",322020,"322020","Arrondissment","Arrondissement","",""
17,201,"SEN","Senegal",2,"Diourbel",7,"Mbacké",16,"Kael",332010,"332010","Arrondissment","Arrondissement","",""
18,201,"SEN","Senegal",2,"Diourbel",7,"Mbacké",17,"Ndame",332020,"332020","Arrondissment","Arrondissement","",""
19,201,"SEN","Senegal",2,"Diourbel",7,"Mbacké",18,"Taif",332030,"332030","Arrondissment","Arrondissement","",""
20,201,"SEN","Senegal",3,"Fatick",8,"Fatick",19,"Fimela",912020,"912020","Arrondissment","Arrondissement","",""
21,201,"SEN","Senegal",3,"Fatick",8,"Fatick",20,"Ndiob",912010,"912010","Arrondissment","Arrondissement","",""
22,201,"SEN","Senegal",3,"Fatick",8,"Fatick",21,"Niakhar",912030,"912030","Arrondissment","Arrondissement","",""
23,201,"SEN","Senegal",3,"Fatick",8,"Fatick",22,"Tattaguine",912040,"912040","Arrondissment","Arrondissement","",""
24,201,"SEN","Senegal",3,"Fatick",9,"Foundiougne",23,"Djilor",922010,"922010","Arrondissment","Arrondissement","",""
25,201,"SEN","Senegal",3,"Fatick",9,"Foundiougne",24,"Niodior",922020,"922020","Arrondissment","Arrondissement","",""
26,201,"SEN","Senegal",3,"Fatick",9,"Foundiougne",25,"Toubacouta",922030,"922030","Arrondissment","Arrondissement","",""
27,201,"SEN","Senegal",3,"Fatick",10,"Gossas",26,"Colobane",932010,"932010","Arrondissment","Arrondissement","",""
28,201,"SEN","Senegal",3,"Fatick",10,"Gossas",27,"Ouadiour",932020,"932020","Arrondissment","Arrondissement","",""
29,201,"SEN","Senegal",4,"Kédougou",11,"Kédougou",28,"Bandafassi",1312010,"1312010","Arrondissment","Arrondissement","",""
30,201,"SEN","Senegal",4,"Kédougou",11,"Kédougou",29,"Fongolimbi",1312020,"1312020","Arrondissment","Arrondissement","",""
31,201,"SEN","Senegal",4,"Kédougou",12,"Salémata",30,"Dakately",1322010,"1322010","Arrondissment","Arrondissement","",""
32,201,"SEN","Senegal",4,"Kédougou",12,"Salémata",31,"Dar Salam",1322020,"1322020","Arrondissment","Arrondissement","",""
33,201,"SEN","Senegal",4,"Kédougou",13,"Saraya",32,"Bembou",1332010,"1332010","Arrondissment","Arrondissement","",""
34,201,"SEN","Senegal",4,"Kédougou",13,"Saraya",33,"Sabodala",1332020,"1332020","Arrondissment","Arrondissement","",""
35,201,"SEN","Senegal",5,"Kaffrine",14,"Birkilane",34,"Keur Mboucki",1222010,"1222010","Arrondissment","Arrondissement","",""
36,201,"SEN","Senegal",5,"Kaffrine",14,"Birkilane",35,"Mabo",1222020,"1222020","Arrondissment","Arrondissement","",""
37,201,"SEN","Senegal",5,"Kaffrine",15,"Kaffrine",36,"Gniby",1212010,"1212010","Arrondissment","Arrondissement","",""
38,201,"SEN","Senegal",5,"Kaffrine",15,"Kaffrine",37,"Katakel",1212020,"1212020","Arrondissment","Arrondissement","",""
39,201,"SEN","Senegal",5,"Kaffrine",16,"Koungheul",38,"Ida Mouride",1232010,"1232010","Arrondissment","Arrondissement","",""
40,201,"SEN","Senegal",5,"Kaffrine",16,"Koungheul",39,"Lour Escale",1232020,"1232020","Arrondissment","Arrondissement","",""
41,201,"SEN","Senegal",5,"Kaffrine",16,"Koungheul",40,"Missirah Wadene",1232030,"1232030","Arrondissment","Arrondissement","",""
42,201,"SEN","Senegal",5,"Kaffrine",17,"Malème Hodar",41,"Darou Miname Ii",1242010,"1242010","Arrondissment","Arrondissement","",""
43,201,"SEN","Senegal",5,"Kaffrine",17,"Malème Hodar",42,"Sagna",1242020,"1242020","Arrondissment","Arrondissement","",""
44,201,"SEN","Senegal",6,"Kaolack",18,"Guinguinéo",43,"Mbadakhoune",632010,"632010","Arrondissment","Arrondissement","",""
45,201,"SEN","Senegal",6,"Kaolack",18,"Guinguinéo",44,"Nguelou",632020,"632020","Arrondissment","Arrondissement","",""
46,201,"SEN","Senegal",6,"Kaolack",19,"Kaolack",45,"Koumbal",612020,"612020","Arrondissment","Arrondissement","",""
47,201,"SEN","Senegal",6,"Kaolack",19,"Kaolack",46,"Ndiedieng",612010,"612010","Arrondissment","Arrondissement","",""
48,201,"SEN","Senegal",6,"Kaolack",19,"Kaolack",47,"Ngothie",612030,"612030","Arrondissment","Arrondissement","",""
49,201,"SEN","Senegal",6,"Kaolack",20,"Nioro du Rip",48,"Medina Sabakh",622010,"622010","Arrondissment","Arrondissement","",""
50,201,"SEN","Senegal",6,"Kaolack",20,"Nioro du Rip",49,"Paos Koto",622020,"622020","Arrondissment","Arrondissement","",""
51,201,"SEN","Senegal",6,"Kaolack",20,"Nioro du Rip",50,"Wack Ngouna",622030,"622030","Arrondissment","Arrondissement","",""
52,201,"SEN","Senegal",7,"Kolda",21,"Kolda",51,"Dioulacolon",1012010,"1012010","Arrondissment","Arrondissement","",""
53,201,"SEN","Senegal",7,"Kolda",21,"Kolda",52,"Mampatim",1012020,"1012020","Arrondissment","Arrondissement","",""
54,201,"SEN","Senegal",7,"Kolda",21,"Kolda",53,"Sare Bidji",1012030,"1012030","Arrondissment","Arrondissement","",""
55,201,"SEN","Senegal",7,"Kolda",22,"Médina Yoro Foula",54,"Fafacourou",1032010,"1032010","Arrondissment","Arrondissement","",""
56,201,"SEN","Senegal",7,"Kolda",22,"Médina Yoro Foula",55,"Ndorna",1032020,"1032020","Arrondissment","Arrondissement","",""
57,201,"SEN","Senegal",7,"Kolda",22,"Médina Yoro Foula",56,"Niaming",1032030,"1032030","Arrondissment","Arrondissement","",""
58,201,"SEN","Senegal",7,"Kolda",23,"Vélingara",57,"Bonconto",1022010,"1022010","Arrondissment","Arrondissement","",""
59,201,"SEN","Senegal",7,"Kolda",23,"Vélingara",58,"Pakour",1022020,"1022020","Arrondissment","Arrondissement","",""
60,201,"SEN","Senegal",7,"Kolda",23,"Vélingara",59,"Sare Coly Sale",1022030,"1022030","Arrondissment","Arrondissement","",""
61,201,"SEN","Senegal",8,"Louga",24,"Kébémer",60,"Darou Mousty",812010,"812010","Arrondissment","Arrondissement","",""
62,201,"SEN","Senegal",8,"Louga",24,"Kébémer",61,"Sagatta Gueth",NA,"","Arrondissment","Arrondissement","",""
63,201,"SEN","Senegal",8,"Louga",24,"Kébémer",61,"Sagatta Gueth",812020,"812020","Arrondissment","Arrondissement","",""
64,201,"SEN","Senegal",8,"Louga",24,"Kébémer",61,"Sagatta Gueth",812030,"812030","Arrondissment","Arrondissement","",""
65,201,"SEN","Senegal",8,"Louga",25,"Linguère",62,"Barkedji",822010,"822010","Arrondissment","Arrondissement","",""
66,201,"SEN","Senegal",8,"Louga",25,"Linguère",63,"Dodji",822020,"822020","Arrondissment","Arrondissement","",""
67,201,"SEN","Senegal",8,"Louga",25,"Linguère",64,"Sagatta Djolof",822040,"822040","Arrondissment","Arrondissement","",""
68,201,"SEN","Senegal",8,"Louga",25,"Linguère",65,"Yang Yang",822030,"822030","Arrondissment","Arrondissement","",""
69,201,"SEN","Senegal",8,"Louga",26,"Louga",66,"Coki",832010,"832010","Arrondissment","Arrondissement","",""
70,201,"SEN","Senegal",8,"Louga",26,"Louga",67,"Mbediene",832030,"832030","Arrondissment","Arrondissement","",""
71,201,"SEN","Senegal",8,"Louga",26,"Louga",68,"Meur Momar Sarr",832020,"832020","Arrondissment","Arrondissement","",""
72,201,"SEN","Senegal",8,"Louga",26,"Louga",69,"Sakal",832040,"832040","Arrondissment","Arrondissement","",""
73,201,"SEN","Senegal",9,"Matam",27,"Kanel",70,"Orkadiere",1122010,"1122010","Arrondissment","Arrondissement","",""
74,201,"SEN","Senegal",9,"Matam",27,"Kanel",71,"Ouro Sidy",1122020,"1122020","Arrondissment","Arrondissement","",""
75,201,"SEN","Senegal",9,"Matam",28,"Matam",72,"Agnam Civol",1112010,"1112010","Arrondissment","Arrondissement","",""
76,201,"SEN","Senegal",9,"Matam",28,"Matam",73,"Ogo",1112020,"1112020","Arrondissment","Arrondissement","",""
77,201,"SEN","Senegal",9,"Matam",29,"Ranérou Ferlo",74,"Velingara",1132010,"1132010","Arrondissment","Arrondissement","",""
78,201,"SEN","Senegal",10,"Sédhiou",30,"Bounkiling",75,"Boghal",1422010,"1422010","Arrondissment","Arrondissement","",""
79,201,"SEN","Senegal",10,"Sédhiou",30,"Bounkiling",76,"Bona",1422020,"1422020","Arrondissment","Arrondissement","",""
80,201,"SEN","Senegal",10,"Sédhiou",30,"Bounkiling",77,"Diaroume",1422030,"1422030","Arrondissment","Arrondissement","",""
81,201,"SEN","Senegal",10,"Sédhiou",31,"Goudomp",78,"Djibanar",1432010,"1432010","Arrondissment","Arrondissement","",""
82,201,"SEN","Senegal",10,"Sédhiou",31,"Goudomp",79,"Karantaba",1432020,"1432020","Arrondissment","Arrondissement","",""
83,201,"SEN","Senegal",10,"Sédhiou",31,"Goudomp",80,"Simbandi Brassou",1432030,"1432030","Arrondissment","Arrondissement","",""
84,201,"SEN","Senegal",10,"Sédhiou",32,"Sédhiou",81,"Diende",1412010,"1412010","Arrondissment","Arrondissement","",""
85,201,"SEN","Senegal",10,"Sédhiou",32,"Sédhiou",82,"Djibabouya",1412020,"1412020","Arrondissment","Arrondissement","",""
86,201,"SEN","Senegal",10,"Sédhiou",32,"Sédhiou",83,"Djiredji",1412030,"1412030","Arrondissment","Arrondissement","",""
87,201,"SEN","Senegal",11,"Saint-Louis",33,"Dagana",84,"Mbane",412010,"412010","Arrondissment","Arrondissement","",""
88,201,"SEN","Senegal",11,"Saint-Louis",33,"Dagana",85,"Ndiaye Mberess",412020,"412020","Arrondissment","Arrondissement","",""
89,201,"SEN","Senegal",11,"Saint-Louis",34,"Podor",86,"Cas Cas",422010,"422010","Arrondissment","Arrondissement","",""
90,201,"SEN","Senegal",11,"Saint-Louis",34,"Podor",87,"Gamadji Sarre",422040,"422040","Arrondissment","Arrondissement","",""
91,201,"SEN","Senegal",11,"Saint-Louis",34,"Podor",88,"Salde",422020,"422020","Arrondissment","Arrondissement","",""
92,201,"SEN","Senegal",11,"Saint-Louis",34,"Podor",89,"Thile Boubacar",422030,"422030","Arrondissment","Arrondissement","",""
93,201,"SEN","Senegal",11,"Saint-Louis",35,"Saint-Louis",90,"Rao",432010,"432010","Arrondissment","Arrondissement","",""
94,201,"SEN","Senegal",12,"Tambacounda",36,"Bakel",91,"Bele",512020,"512020","Arrondissment","Arrondissement","",""
95,201,"SEN","Senegal",12,"Tambacounda",36,"Bakel",92,"Kenieba",512010,"512010","Arrondissment","Arrondissement","",""
96,201,"SEN","Senegal",12,"Tambacounda",36,"Bakel",93,"Moudery",512030,"512030","Arrondissment","Arrondissement","",""
97,201,"SEN","Senegal",12,"Tambacounda",37,"Goudiry",94,"Bala",532010,"532010","Arrondissment","Arrondissement","",""
98,201,"SEN","Senegal",12,"Tambacounda",37,"Goudiry",95,"Boynguel Bamba",532020,"532020","Arrondissment","Arrondissement","",""
99,201,"SEN","Senegal",12,"Tambacounda",37,"Goudiry",96,"Dianke Makha",532030,"532030","Arrondissment","Arrondissement","",""
100,201,"SEN","Senegal",12,"Tambacounda",37,"Goudiry",97,"Koulor",532040,"532040","Arrondissment","Arrondissement","",""
101,201,"SEN","Senegal",12,"Tambacounda",38,"Koupentoum",98,"Bamba Ndiayene",542010,"542010","Arrondissment","Arrondissement","",""
102,201,"SEN","Senegal",12,"Tambacounda",38,"Koupentoum",99,"Kouthiaba Ouolof",542020,"542020","Arrondissment","Arrondissement","",""
103,201,"SEN","Senegal",12,"Tambacounda",39,"Tambacounda",100,"Koussanar",522010,"522010","Arrondissment","Arrondissement","",""
104,201,"SEN","Senegal",12,"Tambacounda",39,"Tambacounda",101,"Makacoulibantang",522020,"522020","Arrondissment","Arrondissement","",""
105,201,"SEN","Senegal",12,"Tambacounda",39,"Tambacounda",102,"Missirah",522030,"522030","Arrondissment","Arrondissement","",""
106,201,"SEN","Senegal",13,"Thiès",40,"Mbour",103,"Fissel",712010,"712010","Arrondissment","Arrondissement","",""
107,201,"SEN","Senegal",13,"Thiès",40,"Mbour",104,"Sessene",712020,"712020","Arrondissment","Arrondissement","",""
108,201,"SEN","Senegal",13,"Thiès",40,"Mbour",105,"Sindia",712030,"712030","Arrondissment","Arrondissement","",""
109,201,"SEN","Senegal",13,"Thiès",41,"Thiès",106,"Keur Moussa",722030,"722030","Arrondissment","Arrondissement","",""
110,201,"SEN","Senegal",13,"Thiès",41,"Thiès",107,"Notto",722010,"722010","Arrondissment","Arrondissement","",""
111,201,"SEN","Senegal",13,"Thiès",41,"Thiès",108,"Thienaba",722020,"722020","Arrondissment","Arrondissement","",""
112,201,"SEN","Senegal",13,"Thiès",41,"Thiès",109,"Thies Nord",723011,"723011","Arrondissment","Arrondissement","",""
113,201,"SEN","Senegal",13,"Thiès",41,"Thiès",110,"Thies Sud",723012,"723012","Arrondissment","Arrondissement","",""
114,201,"SEN","Senegal",13,"Thiès",42,"Tivaouane",111,"Meouane",732010,"732010","Arrondissment","Arrondissement","",""
115,201,"SEN","Senegal",13,"Thiès",42,"Tivaouane",112,"Mequane",732010,"732010","Arrondissment","Arrondissement","",""
116,201,"SEN","Senegal",13,"Thiès",42,"Tivaouane",113,"Merina Dakhar",732020,"732020","Arrondissment","Arrondissement","",""
117,201,"SEN","Senegal",13,"Thiès",42,"Tivaouane",114,"Niakhene",732030,"732030","Arrondissment","Arrondissement","",""
118,201,"SEN","Senegal",13,"Thiès",42,"Tivaouane",115,"Pambal",732040,"732040","Arrondissment","Arrondissement","",""
119,201,"SEN","Senegal",14,"Ziguinchor",43,"Bignona",116,"Kataba I",212040,"212040","Arrondissment","Arrondissement","",""
120,201,"SEN","Senegal",14,"Ziguinchor",43,"Bignona",117,"Sindian",212010,"212010","Arrondissment","Arrondissement","",""
121,201,"SEN","Senegal",14,"Ziguinchor",43,"Bignona",118,"Tendouck",212020,"212020","Arrondissment","Arrondissement","",""
122,201,"SEN","Senegal",14,"Ziguinchor",43,"Bignona",119,"Tenghory",212030,"212030","Arrondissment","Arrondissement","",""
123,201,"SEN","Senegal",14,"Ziguinchor",44,"Oussouye",120,"Cabrousse",222010,"222010","Arrondissment","Arrondissement","",""
124,201,"SEN","Senegal",14,"Ziguinchor",44,"Oussouye",121,"Loudia Ouolof",222020,"222020","Arrondissment","Arrondissement","","<Null>"
125,201,"SEN","Senegal",14,"Ziguinchor",45,"Ziguinchor",122,"Niaguis",232010,"232010","Arrondissment","Arrondissement","",""
126,201,"SEN","Senegal",14,"Ziguinchor",45,"Ziguinchor",123,"Nyassia",232020,"232020","Arrondissment","Arrondissement","",""
