index;time;month;year;day;Sédhiou;Kaolack;Kolda;Dakar;Saint-Louis;Matam;Thiès;Louga;Fatick;Kédougou;Kaffrine;SEN;Diourbel;Tambacounda;Ziguinchor;Sédhiou.1;Thiès.1;Kédougou.1;Sédhiou.1.1;Thiès.1.1;Kédougou.1.1
0;530;6;1951;15;NaN;NaN;NaN;NaN;NaN;NaN;NaN;NaN;NaN;NaN;NaN;NaN;NaN;NaN;NaN;NaN;NaN;NaN;NaN;NaN;NaN
1;896;6;1952;15;99.3443285938;72.4074295679;122.711966321;56.8568529675;126.847121138;144.53277171;65.4119449578;89.0257791156;77.5014469008;154.452793213;80.2979643642;119.072637914;69.1376229781;137.380285711;148.153494936;99.344329834;65.4119415283;154.452789307;99.344329834;65.4119415283;154.452789307
2;1261;6;1953;15;144.48504911;113.710316231;131.568420052;84.1790551921;57.5846680512;91.9228941388;97.8910711038;93.4855436284;116.449338077;141.314132509;100.898494745;106.347985728;97.1343838513;108.293801601;179.105200509;144.485046387;97.8910675049;141.31413269;144.485046387;97.8910675049;141.31413269
3;1626;6;1954;15;114.754777679;76.2738670876;116.902002288;57.2837618853;30.864837466;79.0286725458;62.4642639904;47.047596117;87.1116338584;140.287167604;94.6601098867;89.4506310781;71.668307016;117.810740195;121.546275999;114.754776001;62.464263916;140.28717041;114.754776001;62.464263916;140.28717041
4;1991;6;1955;15;121.185439461;108.955725491;129.918325408;88.9315662822;64.7099167136;121.778754417;92.8102292348;84.7432098418;132.216413065;196.753461077;90.8258152681;118.918526028;80.5712857496;138.551736687;155.58470519;121.185440063;92.8102340698;196.753463745;121.185440063;92.8102340698;196.753463745
5;2357;6;1956;15;101.42273582;91.1592666479;137.869099715;71.0143519278;84.6164489415;112.093690964;101.347606039;136.006646822;96.3320579459;155.110302658;123.416006025;122.072598693;107.054612964;136.346565468;124.122091788;101.422737122;101.347610474;155.110305786;101.422737122;101.347610474;155.110305786
6;2722;6;1957;15;190.607044269;171.666612328;174.135299438;579.401997391;154.518356282;116.8449055;329.99398648;160.173960021;230.841887132;137.302390621;125.435487814;156.073359406;155.084127395;112.834269352;301.233901399;190.607040405;329.993988037;137.302398682;190.607040405;329.993988037;137.302398682
7;3087;6;1958;15;152.657903124;115.892837747;147.900646156;134.848923432;69.5206550746;132.539768497;127.948697165;84.8817698645;157.589103943;141.888473266;123.560877998;127.370158574;117.846381687;149.802324611;175.030940478;152.657897949;127.948699951;141.888473511;152.657897949;127.948699951;141.888473511
8;3452;6;1959;15;102.643314264;111.021184238;119.778543715;131.554298566;62.4200517813;75.5096141538;124.542273456;86.99001082;114.183274036;126.253428328;123.879674376;100.896657047;109.464077124;103.904929214;155.661731414;102.643310547;124.542274475;126.253433228;102.643310547;124.542274475;126.253433228
9;3818;6;1960;15;111.28381694;111.175420856;100.668803702;69.5683675115;61.2450658116;79.812176103;66.7627064441;53.2869284929;112.085220683;174.692764296;93.9593125333;99.6902469444;80.868162581;125.562885116;141.860668615;111.283813477;66.7627105713;174.692764282;111.283813477;66.7627105713;174.692764282
10;4183;6;1961;15;119.195624701;132.616007058;118.321669639;154.333510503;72.5209354761;107.133346438;178.401783375;101.803612143;161.762392115;141.119372859;126.451275969;119.254177024;176.282663439;121.856740062;136.137135847;119.195625305;178.401794434;141.119369507;119.195625305;178.401794434;141.119369507
11;4548;6;1962;15;95.2807594997;74.5169253554;126.13317055;40.8185235714;57.0046889758;87.3364061671;45.5742847228;48.7308280027;73.6443114122;129.789278893;73.9147192956;90.4240523144;56.7843285602;117.362835141;138.015503978;95.2807540894;45.5742835999;129.789276123;95.2807540894;45.5742835999;129.789276123
12;4913;6;1963;15;100.325244548;65.3429869194;92.4282192644;67.7624989683;82.7849096531;80.3266239513;71.2317353511;75.2321632589;71.0161696802;105.07294119;69.8324576156;87.3729856088;74.3344190237;98.694485041;125.212687684;100.325248718;71.2317352295;105.072937012;100.325248718;71.2317352295;105.072937012
13;5279;6;1964;15;143.963063511;127.649650706;114.730925611;116.299897464;69.7225224535;87.3768801314;108.7389369;82.289642291;147.163007181;128.979158591;82.6614852209;101.869885186;82.2436200014;90.233696681;234.194262498;143.963058472;108.738945007;128.979156494;143.963058472;108.738945007;128.979156494
14;5644;6;1965;15;117.630406452;132.932407077;143.715910819;90.3604076421;78.7552064359;136.230682898;110.353304187;104.317372198;145.46019159;140.135506714;140.277113589;133.846689472;134.399122807;175.762039784;123.811764262;117.630401611;110.353302002;140.135498047;117.630401611;110.353302002;140.135498047
15;6009;6;1966;15;114.247165543;112.067035035;127.16533029;94.7494927865;113.07321779;128.206296745;99.4731349938;86.0456622077;139.724690248;135.637814865;113.834672222;118.47714274;103.013269605;124.24628921;142.19356541;114.247161865;99.4731369019;135.637817383;114.247161865;99.4731369019;135.637817383
16;6374;6;1967;15;168.444551472;92.6536150653;199.744260212;62.4427434217;79.6366037874;181.86098932;83.3923655111;87.8702158618;108.571173915;148.43105381;120.426159217;136.555680827;88.023005327;157.6010126;157.376787039;168.444549561;83.392364502;148.431060791;168.444549561;83.392364502;148.431060791
17;6740;6;1968;15;98.7190816932;110.04147533;134.737780791;212.975368103;73.4626613262;90.9704932444;121.501087139;99.1752495874;113.601806669;151.868117909;142.197246256;111.270463174;127.912749081;112.072170416;124.710437053;98.719078064;121.501083374;151.868118286;98.719078064;121.501083374;151.868118286
18;7105;6;1969;15;133.923221332;94.5595534925;101.319361341;88.5893312948;54.1562037507;86.7808459891;71.1034004766;54.6860914263;94.226265584;120.153169071;75.2078942421;92.6019612027;74.8926322777;115.244684853;157.90798721;133.923217773;71.1034011841;120.153167725;133.923217773;71.1034011841;120.153167725
19;7470;6;1970;15;120.52501524;98.403153131;150.265669481;209.936760244;69.9679196348;88.9726921323;170.623507038;117.076593571;141.047651505;157.371683013;126.078163993;121.428652321;150.35905903;125.59773566;169.494413703;120.525016785;170.623504639;157.371688843;120.525016785;170.623504639;157.371688843
20;7835;6;1971;15;131.336240125;110.119507613;106.738124153;72.294123244;67.7793994342;91.2357827132;122.521217616;94.8757069318;117.286216291;196.590857536;99.3367301682;114.365067066;129.43572189;123.089073925;174.495016053;131.336227417;122.521217346;196.59085083;131.336227417;122.521217346;196.59085083
21;8201;6;1972;15;130.992352264;99.8779881966;215.574691577;63.9977715445;61.6511493315;110.617024847;98.1823670785;73.4906435077;111.495210003;180.849514819;99.4692815922;128.916768619;110.777163737;175.925996389;140.04259026;130.992355347;98.1823654175;180.849517822;130.992355347;98.1823654175;180.849517822
22;8566;6;1973;15;117.555870792;96.802926535;126.683026297;77.5621905115;150.530035666;137.083928234;75.3596178776;83.4609651627;98.4262202703;148.598910295;114.126491003;118.5351358;66.8391302553;116.095666682;129.276543533;117.555877686;75.3596191406;148.598907471;117.555877686;75.3596191406;148.598907471
23;8931;6;1974;15;137.366748554;94.684262348;106.981934856;44.02744775;62.9512222045;86.3564837435;81.73999118;85.9941922233;84.2673053262;98.7125842361;121.026813862;98.5532569438;88.2108258135;114.185269889;152.181932251;137.366744995;81.7399902344;98.7125854492;137.366744995;81.7399902344;98.7125854492
24;9296;6;1975;15;145.731669044;79.7353271642;135.685420997;67.8646857078;61.2641954571;126.613795929;57.0263028559;73.9367256052;71.3372312796;151.499909409;101.235971154;106.491588462;52.2969124547;114.571267498;168.498596271;145.731674194;57.0263023376;151.499908447;145.731674194;57.0263023376;151.499908447
25;9662;6;1976;15;80.9334246432;76.3343661543;133.71935519;104.269535913;71.8967046385;91.0733331971;105.083611136;90.0568227044;88.9288320834;141.598360737;79.0071171151;101.911699778;94.6187523291;119.69172026;96.6397716347;80.9334259033;105.083610535;141.598358154;80.9334259033;105.083610535;141.598358154
26;10027;6;1977;15;150.941497937;122.473302464;135.374227642;72.0995615023;69.4359173906;118.116940484;82.0925425583;83.1725201009;115.846908978;178.467487482;105.725351036;122.271874283;76.9424768581;153.424298842;160.174509423;150.941497803;82.0925445557;178.467483521;150.941497803;82.0925445557;178.467483521
27;10392;6;1978;15;168.056702263;95.9422940508;228.454151553;195.949413455;79.043113458;77.9890927629;126.157510927;75.528114953;115.303730893;176.004178017;99.6454619571;113.950485989;72.6631350245;104.288178856;166.157167243;168.05670166;126.157516479;176.004180908;168.05670166;126.157516479;176.004180908
28;10757;6;1979;15;141.895155434;81.7808101044;119.60179516;50.3150813577;55.0069000664;79.2235012058;58.3645452532;61.6454824401;66.7372412468;110.101381283;91.7959527919;86.7910977311;68.2467236527;95.5413060633;123.902989898;141.89515686;58.3645439148;110.101379395;141.89515686;58.3645439148;110.101379395
29;11123;6;1980;15;106.504273574;84.5933189198;107.207124556;95.4266693678;77.4897075933;94.7019448202;82.5597949568;77.6298775486;89.0238608868;149.270637719;106.8939177;99.5922319722;79.3570503061;105.384091132;128.530495978;106.504272461;82.5597915649;149.270629883;106.504272461;82.5597915649;149.270629883
30;11488;6;1981;15;113.101285096;73.0113051288;116.396855129;49.109853561;67.3828554296;96.1003596472;53.7074589087;66.2175572374;75.0087684446;128.847215972;75.387520247;93.646321457;59.9383844645;111.524260501;129.950683923;113.101287842;53.7074584961;128.847213745;113.101287842;53.7074584961;128.847213745
31;11853;6;1982;15;106.193793474;73.7724618066;110.24137895;73.0726027691;63.2380685099;85.9538450125;80.4940297727;68.132304429;78.8601611692;171.945616622;78.9707157642;99.9251793474;69.9422928443;130.065870972;106.967601675;106.19379425;80.4940338135;171.945617676;106.19379425;80.4940338135;171.945617676
32;12218;6;1983;15;125.829845597;92.7184780804;101.437473654;83.1031549941;123.508769942;133.736065936;113.939037708;160.346331483;93.4030771525;92.5528404767;118.282971392;116.713421899;139.946939545;89.1129179519;151.940257099;125.829841614;113.939033508;92.5528411865;125.829841614;113.939033508;92.5528411865
33;12584;6;1984;15;83.327584029;102.721718497;96.8232261131;63.7984495826;59.5875363466;101.431549451;79.6506671456;70.5581462095;100.15816949;122.597788455;111.204201559;100.872307546;83.4169811379;137.516210083;95.4913732639;83.327583313;79.6506652832;122.59778595;83.327583313;79.6506652832;122.59778595
34;12949;6;1985;15;122.265156283;90.8575537892;117.42273471;102.184732566;96.6018064719;96.3625888269;110.95788736;91.925500165;107.484009839;115.007219004;86.3940322497;98.650278521;104.352978428;79.394979984;154.353991561;122.265159607;110.957885742;115.007217407;122.265159607;110.957885742;115.007217407
35;13314;6;1986;15;174.698241448;112.731393644;162.331190316;109.324113525;67.7235767939;93.156854904;92.2183208794;68.6192335525;115.762447941;149.7112085;87.144955121;107.230848888;81.3228016774;111.160433376;163.805224984;174.698242188;92.2183227539;149.711212158;174.698242188;92.2183227539;149.711212158
36;13679;6;1987;15;153.079354565;125.876252337;118.476074564;121.707052415;141.666346808;128.196531157;117.855844389;130.129565415;126.806317167;139.918856198;116.992683357;128.85763116;108.962760737;115.602089419;191.605591841;153.079345703;117.85584259;139.91885376;153.079345703;117.85584259;139.91885376
37;14045;6;1988;15;145.524397104;102.545598021;163.654124076;113.446575275;77.2599657393;149.654124425;112.459639534;119.568649641;88.0438368587;162.192248064;112.80825669;141.901132992;85.1347988076;193.214105454;173.53505727;145.524398804;112.459640503;162.192245483;145.524398804;112.459640503;162.192245483
38;14410;6;1989;15;120.939534875;102.164980849;107.369020127;127.638451572;96.8371205207;161.298583022;129.115925929;135.852796745;114.235062215;142.585717256;113.682524932;129.184529798;118.709327982;129.284620685;162.255511784;120.939537048;129.115921021;142.585708618;120.939537048;129.115921021;142.585708618
39;14775;6;1990;15;167.495578956;76.6116439071;158.490090317;67.5644176264;68.6979996062;106.899492976;56.8586137465;71.2524143798;71.0660485526;146.413809159;89.8870623975;105.817334372;56.4331188398;118.470635079;155.153594027;167.495574951;56.8586158752;146.413803101;167.495574951;56.8586158752;146.413803101
40;15140;6;1991;15;141.979851005;119.189300674;163.352332999;154.147903722;64.3443942443;127.004083046;130.900227185;106.502068529;130.99105549;123.00628081;150.485389283;128.457585522;117.257929623;149.090163266;172.665958101;141.979858398;130.900222778;123.006286621;141.979858398;130.900222778;123.006286621
41;15506;6;1992;15;98.8541760128;133.097548166;91.5112564681;144.858905078;83.8607430089;96.7900760816;132.923976401;93.5669403398;143.010878354;135.193504458;103.129289505;101.391246657;118.193948109;81.1378357391;150.97522939;98.8541793823;132.923980713;135.193511963;98.8541793823;132.923980713;135.193511963
42;15871;6;1993;15;87.5838127324;100.451738151;83.1537959262;75.9976182752;79.1381657038;100.560798565;86.5475688538;82.8588188177;105.126169695;150.977331888;90.7975359243;106.320020849;73.3598834572;138.646532222;130.405734394;87.5838088989;86.5475692749;150.977340698;87.5838088989;86.5475692749;150.977340698
43;16236;6;1994;15;142.261717761;70.3248904382;125.060019811;54.230456494;40.4192570508;63.3902031692;60.407761817;48.5984234203;72.0298771234;123.060985753;63.9425238317;81.7363431292;58.5484384542;96.9407647309;137.412267035;142.26171875;60.4077606201;123.06098938;142.26171875;60.4077606201;123.06098938
44;16601;6;1995;15;200.479630133;125.180484875;201.988588628;237.890475405;84.9733997851;127.319639579;165.063560517;82.9781282273;175.754091725;161.90733638;105.760595459;133.076485859;99.8654295795;126.11897802;236.232751087;200.479629517;165.063568115;161.907333374;200.479629517;165.063568115;161.907333374
45;16967;6;1996;15;77.4449805021;59.0738109391;92.7427940198;64.7737420175;35.8864526798;74.4803806664;60.3313902755;60.7791937269;68.7440513571;137.190721381;80.2480761479;82.8335851716;59.8854437211;111.694955631;86.3514347806;77.444984436;60.3313903809;137.190719604;77.444984436;60.3313903809;137.190719604
46;17332;6;1997;15;131.739560323;153.087023931;115.310413197;96.4293730863;64.4248867373;80.7495302866;94.1259170037;78.0299241627;132.12608067;118.319315261;147.6385248;103.289993145;100.051003888;106.325384246;164.838314892;131.739562988;94.1259155273;118.319313049;131.739562988;94.1259155273;118.319313049
47;17697;6;1998;15;125.881678037;92.8191965929;133.257544267;228.266045975;51.1877494415;74.4190351411;110.920119656;69.5721658739;99.8637537573;111.89571853;90.4772204192;92.5669866048;89.6635555136;98.4455522293;135.789691238;125.88168335;110.920120239;111.895721436;125.88168335;110.920120239;111.895721436
48;18062;6;1999;15;162.844411275;106.860429336;151.321405314;86.1762045746;58.4501173928;86.8482019052;91.8965017078;66.6119297651;118.496835586;138.96280161;87.6330177788;103.915225686;89.7317183128;110.731970923;193.423258565;162.844406128;91.8964996338;138.962799072;162.844406128;91.8964996338;138.962799072
49;18428;6;2000;15;126.919629051;83.4217820975;154.610028935;131.780369458;65.3036688509;85.578666835;113.669422298;69.51273357;100.543436132;129.858822601;100.607423872;105.316417734;102.510492155;125.771363805;142.010841177;126.919631958;113.669418335;129.858825684;126.919631958;113.669418335;129.858825684
50;18793;6;2001;15;94.7310214011;84.4153881332;119.265810502;82.7774055735;59.8086841824;102.281854583;85.1769712672;74.6573186544;86.9538601639;132.024060891;94.8427600248;96.2721474976;99.5328094375;99.8282241301;132.589200151;94.7310180664;85.1769714355;132.02406311;94.7310180664;85.1769714355;132.02406311
51;19158;6;2002;15;122.39461643;99.5711009245;126.22312214;99.1745301547;52.1184789637;98.7586699674;92.7301929946;72.8275737043;97.2405147247;113.892716863;94.0150712465;99.2509491581;74.5899114297;112.307913547;176.083079503;122.394615173;92.7301940918;113.892715454;122.394615173;92.7301940918;113.892715454
52;19523;6;2003;15;117.092351559;75.688268512;116.691814216;52.266629614;52.5123493065;74.3755272701;52.8483156167;51.377562237;69.9585172159;135.493977259;68.991438864;83.4597815102;64.7791728005;94.5234018687;117.946507139;117.092353821;52.8483161926;135.493972778;117.092353821;52.8483161926;135.493972778
53;19889;6;2004;15;132.620401327;95.7150039247;144.249853703;176.409291737;63.6289292718;92.4011832542;161.831896345;79.8448738176;128.324058888;129.811995555;83.6527025106;107.841618554;120.266210399;118.163805324;143.796552669;132.620407104;161.83190918;129.81199646;132.620407104;161.83190918;129.81199646
54;20254;6;2005;15;166.969486205;127.466358404;150.324513393;126.57006593;82.085255056;105.662569562;115.660621022;135.327660345;110.691440016;151.55364626;151.710280918;126.294796354;116.251596863;115.22852351;206.278941192;166.969482422;115.660621643;151.553649902;166.969482422;115.660621643;151.553649902
55;20619;6;2006;15;127.689770512;115.640925459;145.742979759;104.52581211;71.1925549768;85.8583008605;80.16143399;63.8242803606;132.694813068;164.75077784;100.794869769;107.205525256;80.2722722937;118.936603778;167.726888912;127.68976593;80.1614379883;164.750778198;127.68976593;80.1614379883;164.750778198
56;20984;6;2007;15;114.866316978;76.6368779726;120.119802727;136.499889479;103.431474223;178.757680019;104.497103569;112.061338324;83.1834768741;131.211468085;84.5005286599;124.089935483;82.9306336582;137.52681716;111.445843563;114.866317749;104.497108459;131.211471558;114.866317749;104.497108459;131.211471558
57;21350;6;2008;15;116.615946246;78.3086148779;173.576476947;50.9769734771;48.9138874429;99.0743597618;59.7128593607;50.087267987;113.523660641;169.666957718;76.2552622953;103.052942294;58.693493705;126.558679579;135.807215774;116.615943909;59.7128601074;169.66696167;116.615943909;59.7128601074;169.66696167
58;21715;6;2009;15;123.445037226;72.9155075232;124.492532958;52.4892714073;105.349860803;92.8833172411;58.4159875589;94.7437942139;67.7371701017;176.613362307;92.7567109673;108.568513954;82.9829857653;119.639589111;113.273749982;123.445037842;58.4159889221;176.613357544;123.445037842;58.4159889221;176.613357544
59;22080;6;2010;15;101.467949044;76.473980797;95.2358532447;43.779657999;52.4880189579;84.3077581851;50.9689521105;83.0157812449;62.3851831352;144.147495789;107.073236865;91.1515307984;56.1858584218;108.167607519;90.3831236507;101.467948914;50.968952179;144.147491455;101.467948914;50.968952179;144.147491455
60;22445;6;2011;15;99.3781100048;78.0392160585;119.991182784;52.1344585215;55.0818269643;81.7304581687;55.5055900665;80.0413628636;78.2284835036;109.546728325;87.8745288637;88.2763127676;60.5720163505;99.8253329108;113.546761715;99.378112793;55.5055923462;109.546730042;99.378112793;55.5055923462;109.546730042
61;22811;6;2012;15;160.148086922;105.060835741;122.711281833;81.3749689703;68.5868503536;112.305453909;109.336138839;69.6708793827;121.876173383;233.342318876;88.967089005;122.924626007;103.100069924;135.914369838;230.734107475;160.148086548;109.336143494;233.342315674;160.148086548;109.336143494;233.342315674
62;23176;6;2013;15;128.296559243;124.121241591;107.250327286;70.0366914199;41.5576516769;114.120417484;82.3240910495;72.8667429212;118.088420579;134.202563074;129.571576159;105.693200445;90.9340221428;119.673055789;165.917470036;128.296554565;82.3240890503;134.202560425;128.296554565;82.3240890503;134.202560425
63;23541;6;2014;15;128.968498808;108.581970341;135.08901502;147.359265317;53.5057545927;106.322036954;107.654036652;83.5881041088;105.256617117;196.270115403;115.774440689;119.090473024;99.0463419766;148.60414716;131.921592312;128.968505859;107.654037476;196.270111084;128.968505859;107.654037476;196.270111084
64;23906;6;2015;15;120.153851428;60.6795871462;105.145399169;113.82825616;58.5582719218;78.1296797573;102.658925935;80.2039545092;74.2488495208;144.48797056;70.9746903315;96.5249929069;80.283887476;107.203375729;214.323490463;120.15385437;102.658920288;144.487976074;120.15385437;102.658920288;144.487976074
65;24272;6;2016;15;124.705122937;83.1260158024;111.264939058;65.8562641927;70.326342413;125.117126594;79.8933947458;89.4192927144;86.6211329398;153.227854785;91.296295617;111.266330583;86.5120993272;131.141135806;149.119160986;124.705123901;79.8933944702;153.227859497;124.705123901;79.8933944702;153.227859497
66;24637;6;2017;15;110.001376732;81.1433699246;101.996089065;87.068456496;91.3195840976;116.161820788;78.3417569565;77.0380445139;92.3325528794;120.460514985;79.8093382209;99.3792285126;83.0460555846;100.84299598;144.532028461;110.001373291;78.341758728;120.460517883;110.001373291;78.341758728;120.460517883
67;25002;6;2018;15;88.1183107185;75.958304029;109.620781493;79.1226642122;82.876326973;136.664938242;87.3063029378;84.2484460807;79.3891342544;146.588303794;77.7000160604;110.485344709;84.0742034482;138.068422202;102.860200008;88.118309021;87.3063049316;146.588302612;88.118309021;87.3063049316;146.588302612
68;25367;6;2019;15;131.931443338;103.992520843;127.403862718;159.109068544;45.6176127565;52.2909282309;141.069183746;57.6859791618;142.238583752;166.879934212;87.227495143;93.4444815213;110.338582088;81.7558013483;205.635545719;131.931442261;141.06918335;166.879928589;131.931442261;141.06918335;166.879928589
69;25733;6;2020;15;294.747026995;156.534433561;270.79063615;190.262607124;72.7117612586;101.040045078;205.327040376;92.9768595134;178.320579895;201.214253883;127.743915582;153.89461442;144.568439476;163.242186365;238.614567328;294.747039795;205.327041626;201.214248657;294.747039795;205.327041626;201.214248657
70;26098;6;2021;15;116.913279471;99.6501109674;196.983249948;72.3765853166;60.0388205698;135.546321798;106.368571029;121.118832881;110.195695542;235.061654873;123.475871237;143.976245418;130.279743329;180.983596529;127.85277804;116.913276672;106.36856842;235.061645508;116.913276672;106.36856842;235.061645508
71;26463;6;2022;15;107.866911415;69.6406181475;127.311596031;123.127727562;68.8665752115;90.7801975412;82.8247982239;73.8304573464;76.7152724516;145.210525115;75.6735780027;97.4074411141;69.6225124185;112.180121372;122.474732225;107.866912842;82.824798584;145.210525513;107.866912842;82.824798584;145.210525513
72;26828;6;2023;15;108.975471669;74.7389544548;142.68211403;62.1664450913;55.1925544496;92.2168179368;57.9845000906;54.0614807536;75.2413638618;168.216868493;99.1052600834;102.797330707;73.4609866968;136.596351649;127.063870916;108.975471497;57.984500885;168.216873169;108.975471497;57.984500885;168.216873169
73;27194;6;2024;15;103.763226176;88.6641267422;90.3290322272;54.8482514007;111.981545629;105.60207702;65.5945766898;111.772634253;86.5584650454;121.524340715;88.4048639321;100.057424058;60.1772184878;90.5346788933;133.576172346;103.76322937;65.5945739746;121.524337769;103.76322937;65.5945739746;121.524337769
74;27559;6;2025;15;91.1480102587;79.41578377;88.453679852;101.319002581;77.3581731515;76.2605730062;72.626340785;74.2093909761;87.2228794389;149.701347773;68.851699538;87.1510280505;62.3047415488;88.1197192974;107.856720995;91.1480102539;72.6263427734;149.70135498;91.1480102539;72.6263427734;149.70135498
75;27924;6;2026;15;89.1454605278;89.1085109896;97.179062865;49.4528187186;80.103550346;84.6494269115;87.3017411762;87.037275112;110.99623816;131.003873347;101.822135617;99.257472876;86.8874038643;102.264541044;202.815326068;89.1454620361;87.3017425537;131.003875732;89.1454620361;87.3017425537;131.003875732
76;28289;6;2027;15;181.809483969;89.6772721753;205.55052629;59.8212449777;49.0284895021;99.4753298553;60.5417595026;62.4358942363;67.6326917638;130.567468932;93.9334486481;105.675374476;60.7573550169;126.260913137;129.65284551;181.80947876;60.5417633057;130.567474365;181.80947876;60.5417633057;130.567474365
77;28655;6;2028;15;143.21713836;86.0757613416;138.005631395;131.834579934;73.9976452403;87.5314279385;106.197878918;83.7151994569;90.9447746116;135.804146534;95.3692161998;107.657618596;102.859837165;124.470904676;154.240186866;143.217132568;106.197875977;135.804153442;143.217132568;106.197875977;135.804153442
78;29020;6;2029;15;102.543677377;81.7275608402;108.968759889;66.9528324486;54.6987634099;94.0709523562;61.1425386733;60.6073468312;75.5471362369;144.477479351;96.1724825131;94.8891158539;51.8609646551;118.283843199;131.350129526;102.543678284;61.142539978;144.477478027;102.543678284;61.142539978;144.477478027
79;29385;6;2030;15;175.042124008;159.395419408;167.15969845;231.660790454;80.8630568022;116.53500996;179.355193;136.33079506;186.484272086;166.000142601;152.029175715;140.238760589;207.347823692;129.127038815;163.556537406;175.042129517;179.355194092;166.000137329;175.042129517;179.355194092;166.000137329
80;29750;6;2031;15;129.016684557;107.133186858;171.283706451;76.1007118504;95.9719251802;114.596120156;84.8726022142;76.3493869421;102.414813808;197.002044398;92.6363104361;125.687059157;81.4771321364;151.682408194;174.353602704;129.016677856;84.8726043701;197.002044678;129.016677856;84.8726043701;197.002044678
81;30116;6;2032;15;95.0696771874;138.115323782;96.400555021;129.38631855;55.6215723563;149.866602093;132.840445476;120.091387995;149.044176691;118.216372333;153.689059512;119.070268353;181.430348653;116.753288805;103.999467638;95.0696792603;132.840454102;118.216369629;95.0696792603;132.840454102;118.216369629
82;30481;6;2033;15;149.952966685;74.8333778282;148.649278635;61.6124907241;61.644499353;132.182429622;59.6868588205;46.3934388474;70.6784742998;151.183880439;68.3958544514;103.5142051;51.9071207227;123.290469656;133.948623524;149.952972412;59.6868591309;151.183883667;149.952972412;59.6868591309;151.183883667
83;30846;6;2034;15;164.186489953;95.6622347069;168.813733159;110.919038262;58.6020907687;108.411373159;98.7392818073;76.4867848814;100.081773804;173.609198184;93.0657156758;115.220454891;97.8763536673;124.009805302;187.679128902;164.18649292;98.7392807007;173.609191895;164.18649292;98.7392807007;173.609191895
84;31211;6;2035;15;112.582636284;94.6973494287;176.502872868;169.329379744;121.957344211;148.949749648;143.379109889;137.737110226;103.814273406;222.562801911;137.290957869;156.40476701;104.188970355;195.250364023;132.918608105;112.582633972;143.379104614;222.562805176;112.582633972;143.379104614;222.562805176
85;31577;6;2036;15;152.409008253;104.629792131;141.551210729;86.0037903101;32.6876155213;80.6238505734;99.1782572045;63.400708493;105.526937247;154.760901492;90.5632884993;100.501097309;99.7274578184;112.937635152;179.65144873;152.409011841;99.1782608032;154.760894775;152.409011841;99.1782608032;154.760894775
86;31942;6;2037;15;111.613991443;66.0243518104;123.829851497;52.103214158;45.0467692475;72.2130583003;66.0652755978;52.2576380421;64.8805386307;149.636198909;65.0150614084;82.3023258097;58.998927319;88.1868849671;118.803272597;111.613990784;66.0652770996;149.636199951;111.613990784;66.0652770996;149.636199951
87;32307;6;2038;15;123.651676168;73.7863683059;135.31810774;116.841092167;82.9861413933;110.155633522;91.2425386523;76.2828312304;86.3646123411;161.029465953;90.7925525295;110.341668614;63.5876255168;125.440518148;166.349270706;123.651672363;91.2425384521;161.029464722;123.651672363;91.2425384521;161.029464722
88;32672;6;2039;15;144.239809248;97.1231056934;134.995106447;70.7646844635;68.9246720544;109.129250098;112.511635392;101.191795099;141.539329845;136.091828582;93.015984303;121.574173831;137.208361025;151.497790676;176.919081517;144.239822388;112.511634827;136.091827393;144.239822388;112.511634827;136.091827393
89;33038;6;2040;15;110.1754531;80.4674378984;141.000679909;42.2413516765;49.2412344738;122.160871442;55.8280869079;63.8202694149;65.5292249566;161.179698839;88.8040491345;106.304815637;58.5493593473;141.36094845;114.85816224;110.175453186;55.828086853;161.179702759;110.175453186;55.828086853;161.179702759
90;33403;6;2041;15;116.436114511;101.961421321;118.762439529;86.8323246701;52.4745219469;111.485140191;75.9946067037;64.1796132688;93.6382042362;120.867056337;91.7117193931;100.349493293;76.8720249557;118.975257473;169.422767513;116.43611908;75.9946060181;120.8670578;116.43611908;75.9946060181;120.8670578
91;33768;6;2042;15;185.837701449;280.521650501;151.821295374;378.538301049;139.319139284;165.509420113;279.918773034;189.914432913;280.092228612;130.485340784;290.990374345;185.307973502;283.506351482;164.668959784;186.919578101;185.83770752;279.918762207;130.485336304;185.83770752;279.918762207;130.485336304
92;34133;6;2043;15;131.261187944;98.7528758893;119.103660901;145.160249054;55.6526505588;113.157314218;125.919774752;105.002422128;158.009908816;115.178844434;106.79958481;109.930479821;114.150586946;108.585444197;181.835332543;131.261184692;125.919776917;115.178840637;131.261184692;125.919776917;115.178840637
93;34499;6;2044;15;94.998615851;115.953162415;94.8612558775;78.1293289109;42.6812505558;63.0322667969;67.147492686;46.7595621564;96.4200787458;119.827335382;93.4364130729;78.1333763667;72.0017369828;81.1421706677;127.867073632;94.9986190796;67.1474914551;119.827331543;94.9986190796;67.1474914551;119.827331543
94;34864;6;2045;15;139.499187032;167.385730221;144.884456996;115.681033481;52.8025953835;106.556846845;107.960459163;80.72314273;185.088477464;221.737326984;130.460596246;124.898851383;107.243319849;129.085202901;177.703419364;139.499191284;107.960456848;221.737319946;139.499191284;107.960456848;221.737319946
95;35229;6;2046;15;83.3827452683;89.0775423586;118.007829188;135.940915462;53.1793053863;86.2836608299;97.6668863629;74.8699065257;96.7398063698;147.503744909;100.750047639;100.203873845;97.1973844103;126.752067315;103.18385152;83.3827438354;97.666885376;147.503738403;83.3827438354;97.666885376;147.503738403
96;35594;6;2047;15;88.7023902719;56.6883990405;102.132907678;71.0384400022;95.6125329137;111.686418989;84.2536577632;101.186652474;63.8400321299;137.74679781;76.9458574295;104.327507422;89.0964101427;118.751905189;113.891497569;88.7023925781;84.25365448;137.746795654;88.7023925781;84.25365448;137.746795654
97;35960;6;2048;15;124.023828867;86.7671871325;126.285396871;115.32371764;75.6067035356;136.930134203;106.66210007;69.9091253224;106.256252769;143.517544933;93.5042182931;119.466680536;109.937125428;156.367940868;152.620065813;124.023826599;106.662101746;143.517547607;124.023826599;106.662101746;143.517547607
98;36325;6;2049;15;69.1782644587;84.799368529;82.4525255953;37.0742701291;60.5672007433;136.439992964;46.6901447494;86.0522065214;72.2345920367;121.395185142;106.795562036;101.432335242;61.4661932459;132.586582114;86.6675128092;69.1782684326;46.6901473999;121.395179749;69.1782684326;46.6901473999;121.395179749
99;36690;6;2050;15;118.709616787;92.5710304117;139.38093409;51.5499409182;87.9889049605;147.432894778;63.9228224938;90.9745047003;83.5930623431;141.92457272;83.3070556396;112.916224155;76.5781227148;119.80818028;125.138597725;118.709617615;63.9228210449;141.924575806;118.709617615;63.9228210449;141.924575806
100;37055;6;2051;15;133.006493353;159.400035501;213.343766056;85.3089943085;91.5481536287;130.756115047;96.6205021726;65.030710939;155.203870291;155.100639196;105.934589785;123.956224806;102.433396352;124.907426196;146.405038005;133.006484985;96.6204986572;155.100646973;133.006484985;96.6204986572;155.100646973
101;37421;6;2052;15;101.838410175;86.9039242985;106.568506148;102.773251981;74.5602834518;118.751295441;116.034044299;99.5352116244;91.1498228159;96.106987362;98.8559376206;103.955798013;95.606579521;110.64574518;150.836075064;101.838409424;116.034042358;96.1069869995;101.838409424;116.034042358;96.1069869995
102;37786;6;2053;15;133.497829306;69.7153001824;140.52050094;57.8477543391;83.1715518757;132.110330076;74.0181778857;134.563597563;76.0480910197;153.634734522;87.4156035669;114.60991083;94.2874257109;101.815022012;157.403052493;133.497833252;74.0181808472;153.634735107;133.497833252;74.0181808472;153.634735107
103;38151;6;2054;15;144.045454918;129.536851816;130.427004295;67.9314459668;31.4726362043;73.8324363529;65.0812034008;55.6113547693;108.188860437;164.417467629;110.603275431;94.5261333284;73.7740377989;95.9853561462;177.50637607;144.045455933;65.0812072754;164.41746521;144.045455933;65.0812072754;164.41746521
104;38516;6;2055;15;133.232540521;114.204646782;158.869714031;114.504472031;62.8807659582;175.083840628;82.1060318829;76.996298781;115.877294414;152.66548776;100.603918854;138.119676207;85.6240332343;205.704370152;137.283648832;133.232543945;82.1060333252;152.665481567;133.232543945;82.1060333252;152.665481567
105;38882;6;2056;15;112.079763188;136.567002868;142.237968404;100.866476145;46.5045546765;94.1270905739;86.8673242827;58.0563037871;129.89138031;184.363717546;123.959923895;109.826426748;88.9141124102;134.109191044;122.305645933;112.07976532;86.8673248291;184.363723755;112.07976532;86.8673248291;184.363723755
106;39247;6;2057;15;140.863393012;142.618756527;138.656479208;124.767151188;103.995904258;138.437038151;139.082148275;116.077028641;178.533837012;147.85111348;117.473134945;132.683205152;97.9508373521;131.247446518;194.861649355;140.86340332;139.08215332;147.851104736;140.86340332;139.08215332;147.851104736
107;39612;6;2058;15;99.7753283233;92.8183568277;111.731707199;76.8284865457;72.4399353615;100.119286243;73.9413363879;76.7453252918;95.6966216362;171.432740273;94.571263621;108.506365317;82.5506698684;137.167543833;137.19606118;99.7753295898;73.9413375854;171.432739258;99.7753295898;73.9413375854;171.432739258
108;39977;6;2059;15;121.038846829;115.012911806;172.275747944;59.0426218768;80.4508889591;130.125306973;58.9167726449;62.1014215597;89.0456392382;221.944941039;134.270218652;127.725009919;65.9818393412;158.809471449;136.174628157;121.038848877;58.9167747498;221.944946289;121.038848877;58.9167747498;221.944946289
109;40343;6;2060;15;99.4748522783;92.2548716348;125.874364761;78.0492618297;68.9657914763;98.9992411374;89.3952969322;100.711387658;104.404613377;180.340593436;88.5927431328;108.815679158;99.3842249558;117.290116261;122.147516849;99.4748535156;89.3952941895;180.340591431;99.4748535156;89.3952941895;180.340591431
110;40708;6;2061;15;90.3007599106;70.1206970031;103.24532777;55.9104508895;66.9204303714;77.7526581446;74.1187384784;77.9726313789;87.7275644681;142.752322713;69.1894498984;90.5601417352;73.297135822;104.165380099;109.760947545;90.3007659912;74.1187362671;142.752319336;90.3007659912;74.1187362671;142.752319336
111;41073;6;2062;15;103.912228901;81.5978508666;108.343429791;92.3585358888;126.223261818;99.8432351981;90.526529749;145.905612707;88.84358677;98.6550681583;84.1371589506;114.291438679;91.9770703569;130.980446366;121.468615461;103.912223816;90.5265350342;98.6550674438;103.912223816;90.5265350342;98.6550674438
112;41438;6;2063;15;82.7020633508;49.7534462206;102.438129282;47.8843324286;57.7129920201;118.717314727;41.6232149825;56.3381931631;60.6639667046;147.176330556;59.1639845058;93.1618614354;53.6209986123;125.01569637;99.9070258632;82.7020645142;41.6232147217;147.176330566;82.7020645142;41.6232147217;147.176330566
113;41804;6;2064;15;120.218362068;70.1505892753;131.599848805;70.0488070753;53.1303583033;106.153032087;65.6397914512;59.8207955714;70.8652387773;169.026231866;70.9921091087;104.909381176;61.130742937;144.988509595;126.301860129;120.218360901;65.639793396;169.026229858;120.218360901;65.639793396;169.026229858
114;42169;6;2065;15;125.116380389;105.0156654;126.387700519;128.247291349;101.341024164;122.470691079;141.372078831;102.410678272;157.291179748;175.759611581;117.916696696;123.611033025;135.594587569;118.628755724;133.684289085;125.116378784;141.372085571;175.759613037;125.116378784;141.372085571;175.759613037
115;42534;6;2066;15;110.429390102;79.5614338706;123.953853503;42.4116255979;46.8600854757;61.1001348779;43.8557862865;42.7803534331;64.2247630563;144.140574117;78.8611268955;81.8085436963;49.205413774;100.956605242;105.81546109;110.429389954;43.8557853699;144.140563965;110.429389954;43.8557853699;144.140563965
116;42899;6;2067;15;160.041903092;87.8888376874;123.607669825;99.4380259935;78.6402398703;67.8717415485;82.9368662144;70.0552112704;89.7705185683;141.714815076;83.624457483;96.7154047291;66.0413173053;107.322920931;136.999641511;160.041900635;82.9368667603;141.714813232;160.041900635;82.9368667603;141.714813232
117;43265;6;2068;15;119.768869914;71.5992881995;95.6256141628;69.7597258053;57.794375698;93.5598908989;67.090094047;58.4947177829;77.9762173303;141.211473315;74.2941441963;91.8637655593;69.0509698403;109.323819223;138.995878761;119.768867493;67.09009552;141.211471558;119.768867493;67.09009552;141.211471558
118;43630;6;2069;15;120.066796788;77.5631678781;130.839089382;46.3769373341;35.545262839;80.2774303361;47.7774279712;48.2545816225;64.5461058887;154.080986549;97.3835895849;97.3601279165;62.6163827052;147.484804093;110.90190336;120.066795349;47.7774276733;154.080978394;120.066795349;47.7774276733;154.080978394
119;43995;6;2070;15;76.0806510709;90.9761649147;106.354599677;94.8076095465;86.1137968853;112.064466473;95.9620360539;93.592774124;82.3230105831;144.134435408;140.346836196;113.097237211;128.968115097;140.425741154;78.849955016;76.0806503296;95.9620361328;144.134429932;76.0806503296;95.9620361328;144.134429932
120;44360;6;2071;15;113.312079677;93.3449670633;119.741733826;71.9969075168;60.9581172908;93.3132925679;69.5030074448;70.2115787026;104.606270555;150.679518521;92.2984821645;100.296762493;64.4464767554;118.474145289;137.595109271;113.312080383;69.5030059814;150.679519653;113.312080383;69.5030059814;150.679519653
121;44726;6;2072;15;201.698383995;177.087218136;228.026745159;270.782072781;63.9875561231;106.964680609;179.657645673;81.5584712798;187.633226886;219.59003034;169.043847963;149.730400754;126.287006465;175.947987435;163.733731666;201.698379517;179.65763855;219.590026855;201.698379517;179.65763855;219.590026855
122;45091;6;2073;15;136.214080732;90.7755579799;138.687724092;130.514359955;72.8065999347;107.293176637;88.4390169924;87.178437166;104.924938117;182.908327516;121.381594173;117.161228235;71.3072801845;137.397075029;134.053230665;136.214080811;88.4390182495;182.908325195;136.214080811;88.4390182495;182.908325195
123;45456;6;2074;15;114.984849605;85.1373237932;119.524160543;71.2549091246;47.8248798154;120.824532817;102.560476882;92.2141149834;91.5752178178;162.080813912;91.3709487733;109.798193289;131.562890948;125.932742928;115.913561938;114.984848022;102.56047821;162.080810547;114.984848022;102.56047821;162.080810547
124;45821;6;2075;15;125.783883461;148.54439189;163.618703512;142.427399144;65.469312809;96.8857689744;135.687968642;86.1717221821;159.352187467;189.506997469;125.15381272;125.682812354;126.463633666;144.167243508;155.975927987;125.783882141;135.687973022;189.507003784;125.783882141;135.687973022;189.507003784
125;46187;6;2076;15;106.670352132;73.8545992145;106.017367827;76.6421074958;35.3949977192;75.7402755096;82.9900403905;50.1156741485;78.1999443235;151.739075478;87.0940838693;84.6915061426;61.738404818;98.0638077618;107.655575735;106.67035675;82.9900360107;151.739074707;106.67035675;82.9900360107;151.739074707
126;46552;6;2077;15;132.540228717;67.4227682656;113.978604676;99.6396408575;74.4134075551;82.5248276446;70.230059717;60.1202040671;70.3875552808;134.489343956;71.2021444973;91.6670612905;45.8926726221;102.10918336;162.326358651;132.540222168;70.2300567627;134.489349365;132.540222168;70.2300567627;134.489349365
127;46917;6;2078;15;107.860741432;94.0296812862;120.84400491;53.043327468;66.7246100903;92.7422513923;62.9602073857;61.7397749451;77.4682310099;138.380671436;106.03489581;95.3400306929;61.6240551148;105.043705341;140.431403588;107.860740662;62.9602088928;138.38067627;107.860740662;62.9602088928;138.38067627
128;47282;6;2079;15;102.093116854;66.7484404347;141.98966319;47.2253548715;32.724095798;77.8023253063;39.3570460278;42.7188643374;59.6265642514;125.352503975;94.8007292589;85.8250562175;50.4156498057;119.854019125;91.4314994057;102.09311676;39.3570480347;125.352508545;102.09311676;39.3570480347;125.352508545
129;47648;6;2080;15;105.088375498;81.0210758018;124.891868063;87.3754865479;70.0728498914;121.934194368;90.1091994193;94.867880046;95.3903093302;133.476876382;96.2506450212;106.232604732;111.713521025;114.994135157;94.6388439632;105.088378906;90.1091995239;133.476882935;105.088378906;90.1091995239;133.476882935
130;48013;6;2081;15;78.9992433009;57.5403459709;98.6909674782;72.1189415531;53.006269264;71.6712542751;66.7560442342;46.6944908083;51.2467207111;148.212056913;71.1554990386;78.721026548;49.2039771326;92.5984277857;86.3588335712;78.9992446899;66.7560424805;148.212051392;78.9992446899;66.7560424805;148.212051392
131;48378;6;2082;15;114.458219142;129.438758332;197.287302542;98.1138380355;88.6021576287;104.548932112;116.482671613;168.679791331;123.05631056;182.785194275;190.993643709;143.687913868;167.191821804;149.867177454;122.866746431;114.458221436;116.482673645;182.785186768;114.458221436;116.482673645;182.785186768
132;48743;6;2083;15;109.746157135;91.961776064;125.477043862;65.9314375974;39.0642686205;125.096375413;73.9705909158;66.3593381317;98.0565016869;208.381994;102.110143436;119.849142621;94.2843732706;169.422093116;147.529116352;109.746154785;73.9705886841;208.382003784;109.746154785;73.9705886841;208.382003784
133;49109;6;2084;15;155.958697278;76.3132582517;135.253447207;63.7102855988;54.6716294773;108.531657372;64.2633734278;63.8047243087;67.4013962089;116.014847263;76.9487632464;94.9690538132;68.249960309;103.147325284;142.518969945;155.958694458;64.2633743286;116.014846802;155.958694458;64.2633743286;116.014846802
134;49474;6;2085;15;78.1961418398;70.6530760909;110.494912354;90.9686801884;18.9547192847;72.6712135892;70.7679423517;46.5949285613;82.8887417237;146.947913928;89.0505822912;85.6250677834;76.0146815932;121.612655361;87.6434185878;78.196144104;70.7679443359;146.947921753;78.196144104;70.7679443359;146.947921753
135;49839;6;2086;15;103.696741557;120.981892991;108.84223523;55.2469631612;50.8897156891;92.1530596911;67.0964540731;51.8693852002;142.452572257;141.120844554;80.4800045374;92.2160912876;67.8566030738;101.404370541;128.198601496;103.696739197;67.0964508057;141.120849609;103.696739197;67.0964508057;141.120849609
136;50204;6;2087;15;129.225645723;104.263321426;165.756344287;79.9844623032;68.2345183829;74.2930472916;76.1618599029;54.8966901508;100.158499637;170.62502703;115.934686865;105.495968435;72.6527295191;125.73666458;135.396943336;129.225646973;76.161857605;170.625030518;129.225646973;76.161857605;170.625030518
137;50570;6;2088;15;152.202099784;91.1700311331;122.618241414;221.297352347;60.7027895872;90.5493555063;124.572571253;90.8697778103;134.16905568;127.329765117;102.363809777;104.973961733;82.9209606373;102.20762495;198.42760198;152.202102661;124.572570801;127.32976532;152.202102661;124.572570801;127.32976532
138;50935;6;2089;15;95.583366683;93.9919337483;130.804199839;65.505037596;55.0103613612;117.34220692;97.7393343409;83.3556113603;103.429189434;143.749361247;91.9496981902;110.070257103;89.8692327312;141.535430756;107.701587373;95.583366394;97.7393341064;143.749359131;95.583366394;97.7393341064;143.749359131
139;51300;6;2090;15;77.5125853725;75.535513598;78.3323193146;64.9174471244;49.945843834;108.419640085;64.534234331;58.9886851434;66.4804892569;115.424845209;82.8952527402;92.3842224752;63.4098809725;135.605498881;101.982841672;77.512588501;64.5342330933;115.424842834;77.512588501;64.5342330933;115.424842834
140;51665;6;2091;15;149.727621935;101.305215803;141.79925991;99.5940668341;80.8786786107;143.789598892;129.295174236;150.379064693;119.715910346;193.491087791;115.878254046;139.563637198;188.485298825;141.461172556;164.52127052;149.727630615;129.295181274;193.491088867;149.727630615;129.295181274;193.491088867
141;52031;6;2092;15;140.84457692;139.248113548;153.318963608;181.047718903;120.750972889;162.718545812;154.522429009;113.942155627;172.604305666;193.054253011;153.939757245;157.08111314;113.377309195;188.280330428;172.719117565;140.844573975;154.52243042;193.054244995;140.844573975;154.52243042;193.054244995
142;52396;6;2093;15;138.610138896;96.3383130478;143.540994742;61.3752887342;61.5513746701;83.266932519;70.4201583478;80.6875324478;112.026840174;161.634168758;87.4207937428;114.010357185;62.5483005166;154.552637813;210.442588306;138.610137939;70.4201583862;161.634170532;138.610137939;70.4201583862;161.634170532
143;52761;6;2094;15;156.852663885;101.936163363;175.394615422;75.8262127899;43.804289792;102.468881221;67.7179588231;47.4286755113;89.5290569952;115.369255312;86.6273578303;99.2218042959;69.8263175603;117.085762014;152.72804836;156.852661133;67.717956543;115.369255066;156.852661133;67.717956543;115.369255066
144;53126;6;2095;15;107.970950218;90.1316120568;111.889265685;116.979823355;65.1256300297;83.7163329427;128.984605775;100.547067501;101.972125399;145.039608214;89.0846918172;111.537139577;96.8804121974;154.820481962;111.452824496;107.970947266;128.984603882;145.039611816;107.970947266;128.984603882;145.039611816
145;53492;6;2096;15;85.8168865269;63.6605705149;67.5805574729;34.3554146079;37.6901974035;70.1504438867;39.4421530138;49.1407707605;54.2025794999;85.5410951995;73.4077658161;63.9105095817;52.1934023659;66.2162460299;99.3726950759;85.8168869019;39.4421539307;85.5410995483;85.8168869019;39.4421539307;85.5410995483
146;53857;6;2097;15;130.522106327;101.116927631;126.826889404;73.2796333026;78.2345930858;78.1078700902;74.7656262761;65.2468490969;94.6854121592;133.202714791;121.034326023;104.918096889;74.962452161;130.130656591;178.065099193;130.522109985;74.765625;133.202713013;130.522109985;74.765625;133.202713013
147;54222;6;2098;15;99.1971793047;79.2124151589;152.969689134;69.472316592;41.6269963308;97.2007414786;68.0998086347;55.5404231545;93.4919461898;142.004003143;69.5250192947;91.3951796101;67.3999605537;97.399385291;131.554823574;99.1971817017;68.0998077393;142.003997803;99.1971817017;68.0998077393;142.003997803
148;54587;6;2099;15;86.0965914887;70.5436213198;91.84410055;37.8127331931;36.273750066;56.3801311904;47.2558479152;36.5795679383;64.8319286028;89.8773136739;68.0413450998;64.7125045769;64.7450066296;76.3028945075;80.1221818119;86.0965881348;47.2558479309;89.8773117065;86.0965881348;47.2558479309;89.8773117065
