index;time;month;year;day;Borgou;Collines;BEN;Ouémé;Mono;Kouffo;Atlantique;Donga;Plateau;Atakora;Alibori;Littoral;Zou
0;10606.0;1.0;1979.0;15.0;NaN;NaN;NaN;NaN;NaN;NaN;NaN;NaN;NaN;NaN;NaN;NaN;NaN
1;10637.0;2.0;1979.0;15.0;0.0448972545564;0.564042389393;0.403343170881;2.16044378281;2.67576265335;2.79426407814;1.82382798195;0.0396196655929;2.67566180229;0.000145037323819;0.0;1.06849145889;1.57190418243
2;10665.0;3.0;1979.0;15.0;5.1164932251;6.41899442673;6.999147892;4.60594177246;3.60848665237;4.15438890457;4.69846916199;9.00638484955;4.95933914185;7.9414806366;9.26437091827;3.77546787262;4.26247406006
3;10696.0;4.0;1979.0;15.0;23.4842529297;17.4956283569;18.4396247864;36.9508361816;18.1031856537;19.7631072998;31.7268867493;37.1655731201;48.5772895813;8.59694671631;6.45314788818;9.93196964264;25.0846405029
4;10726.0;5.0;1979.0;15.0;13.6800050735;22.5076465607;15.9253406525;18.7511329651;25.5001296997;37.6338882446;20.5492362976;13.8095092773;22.8902816772;9.10953998566;11.5966787338;15.5612325668;41.5259399414
5;10757.0;6.0;1979.0;15.0;19.5657672882;23.0409622192;40.0480766296;35.326965332;47.3814048767;48.2874450684;45.9710388184;30.4463748932;25.0767326355;55.5933685303;61.692150116;37.2826080322;35.6057624817
6;10787.0;7.0;1979.0;15.0;57.3886833191;86.5366668701;59.6411743164;19.0402812958;14.6737031937;27.8578033447;16.5535945892;66.1399917603;33.6108627319;89.8032073975;39.9533615112;12.9604415894;47.4601783752
7;10818.0;8.0;1979.0;15.0;37.8671913147;13.5819997787;31.992401123;15.9438276291;7.65371274948;10.7272100449;12.0138435364;20.6397762299;17.7876548767;27.8466377258;56.0997009277;8.40979385376;16.5759811401
8;10849.0;9.0;1979.0;15.0;38.1293830872;16.2466850281;30.85887146;10.9961385727;8.02283287048;8.71252059937;9.41877937317;43.6947479248;13.2442207336;35.1693267822;36.1504058838;9.49265289307;11.9893198013
9;10879.0;10.0;1979.0;15.0;8.42812156677;8.08058547974;6.5773358345;7.14027881622;7.29318666458;7.42696619034;8.0535402298;6.29874134064;8.25016403198;6.0670466423;3.68947768211;8.3220911026;7.79365062714
10;10910.0;11.0;1979.0;15.0;4.81592988968;2.61476182938;4.447514534;4.85985469818;2.1455655098;3.25895857811;4.06773805618;4.59576749802;4.38699579239;1.99525439739;7.30704021454;4.16890001297;4.30024623871
11;10940.0;12.0;1979.0;15.0;0.0959221050143;0.865814089775;0.320525676012;0.0932229012251;0.0769178941846;0.0167434159666;0.400999695063;1.61228513718;0.0;0.0519982017577;0.018490370363;0.880599737167;0.0165695939213
12;10971.0;1.0;1980.0;15.0;0.398632645607;0.541416406631;0.600737571716;0.420329332352;0.20274554193;0.099956639111;0.0233440734446;2.48581719398;0.218296661973;0.513724088669;0.399750232697;0.0332802273333;0.0524901896715
13;11002.0;2.0;1980.0;15.0;0.224569201469;1.88719451427;0.818400263786;3.62970805168;2.50159049034;2.95162177086;3.50828766823;0.149685576558;3.69195628166;0.0074771172367;0.0;2.40827512741;4.03563690186
14;11031.0;3.0;1980.0;15.0;2.71920585632;4.93050718307;2.52435326576;5.85660934448;3.01593446732;1.97962009907;4.08973169327;6.91200113297;4.0728726387;0.719193220139;0.00250480812974;8.34761142731;2.59131455421
15;11062.0;4.0;1980.0;15.0;11.5122699738;8.25684833527;9.59790229797;12.7617406845;17.9724826813;12.7983551025;14.9020223618;10.6005115509;11.7502098083;6.57203674316;8.51964473724;15.1164455414;9.56905841827
16;11092.0;5.0;1980.0;15.0;28.5146751404;17.6023292542;17.296005249;14.1791658401;13.4345178604;13.588306427;13.9164943695;12.3523130417;15.240732193;10.8502044678;15.3658409119;11.828455925;15.5952301025
17;11123.0;6.0;1980.0;15.0;32.9001922607;17.3022594452;31.4732170105;16.0643672943;8.98109722137;12.745759964;12.6295785904;27.582572937;11.4032726288;30.6600227356;52.3188781738;10.2678556442;13.5099067688
18;11153.0;7.0;1980.0;15.0;52.0756492615;23.1903152466;35.3602485657;15.7958030701;10.9849452972;16.535326004;13.0938835144;43.7230033875;22.9202270508;32.461566925;35.0484886169;7.62450218201;25.0904808044
19;11184.0;8.0;1980.0;15.0;40.4920349121;22.9910850525;43.2730255127;17.6262321472;11.2559394836;13.8180236816;15.9916524887;26.7633285522;21.319562912;46.8521652222;78.382232666;11.0058374405;20.4558467865
20;11215.0;9.0;1980.0;15.0;16.1642398834;16.4125080109;16.0078697205;13.7143354416;11.8085947037;10.2480707169;12.4415559769;23.0763816833;16.3062133789;17.4419193268;13.6676416397;9.84449291229;12.1249990463
21;11245.0;10.0;1980.0;15.0;12.0112943649;16.2503948212;11.0972757339;14.9470205307;15.2747993469;21.1835746765;14.7769155502;13.3135299683;20.5578174591;7.02372360229;3.41917872429;9.62457847595;27.6453647614
22;11276.0;11.0;1980.0;15.0;0.472833067179;1.93334043026;1.36693966389;3.94820475578;3.71297240257;3.36508536339;4.5319314003;1.27986359596;2.97693538666;0.770000874996;1.08437204361;3.44535708427;2.93168091774
23;11306.0;12.0;1980.0;15.0;0.00365726929158;0.00245427526534;0.0921663939953;0.779566645622;0.240313589573;0.235907480121;0.954179465771;0.000464714335976;0.552613556385;0.0648852288723;0.0115674547851;0.448842436075;0.411820828915
24;11337.0;1.0;1981.0;15.0;0.00537417922169;2.96383690834;0.550176799297;0.979146897793;0.29048281908;1.1202224493;0.807836890221;0.0551826544106;1.11290383339;0.0;0.0;0.413164138794;1.89075744152
25;11368.0;2.0;1981.0;15.0;0.40445420146;0.541431069374;0.35130032897;0.922196745872;1.1088937521;0.81345808506;1.02914047241;0.171428382397;2.36538362503;0.00744352350011;0.0;1.10189402103;0.918760120869
26;11396.0;3.0;1981.0;15.0;11.4472494125;12.8729734421;7.09551811218;3.76050019264;6.06994581223;6.77246618271;4.05341100693;6.55027627945;10.8953504562;3.64456415176;2.39297556877;4.78174972534;9.43789672852
27;11427.0;4.0;1981.0;15.0;15.3885974884;10.7483072281;18.668258667;7.61307477951;6.21742963791;7.53015184402;6.24595451355;13.4955196381;9.51497459412;37.5772132874;20.5659446716;6.20397472382;8.38401699066
28;11457.0;5.0;1981.0;15.0;20.5581760406;36.2730865479;29.1517162323;63.8694839478;36.2873191833;48.4242324829;57.7038764954;19.683889389;79.9608154297;29.9050884247;16.0387401581;38.0111656189;67.9554824829
29;11488.0;6.0;1981.0;15.0;26.1287670135;25.5815105438;37.5319252014;30.9276638031;16.5823135376;13.3843326569;21.2676734924;23.3318252563;18.6096115112;46.4542541504;66.4759216309;37.0960350037;16.7192173004
30;11518.0;7.0;1981.0;15.0;19.7542171478;11.1621952057;19.2388114929;8.72697162628;7.26395320892;8.55400562286;8.31325149536;16.2710857391;10.0113840103;22.9429359436;27.9595527649;8.40653705597;11.5791759491
31;11549.0;8.0;1981.0;15.0;14.3596487045;11.4402856827;15.534617424;11.1534824371;6.48370790482;9.36280345917;10.1893520355;14.0889368057;12.4607820511;16.5468482971;21.8286571503;3.56200695038;12.7748584747
32;11580.0;9.0;1981.0;15.0;23.3805847168;23.5031261444;27.7614936829;11.8304700851;8.5462770462;10.1566801071;9.93678855896;36.8455467224;11.9578933716;52.2370300293;21.65599823;10.1873760223;13.092247963
33;11610.0;10.0;1981.0;15.0;2.96272444725;8.39696884155;4.0861120224;8.88184070587;6.71267414093;8.57593822479;7.51016902924;4.10644435883;11.0480909348;2.88298511505;0.518379151821;4.81488180161;10.2233381271
34;11641.0;11.0;1981.0;15.0;0.346171587706;0.296648353338;0.341198056936;1.6100205183;2.42020845413;1.20733392239;1.45944929123;0.200042128563;1.52500939369;0.0;0.0;1.66097819805;0.941102325916
35;11671.0;12.0;1981.0;15.0;0.0380792245269;0.0148858819157;0.0241367090493;0.106267310679;0.0999532714486;5.75396734348e-05;0.0152905033901;0.0930578783154;0.0518716275692;0.000844360329211;0.0;0.028752528131;0.000417814910179
36;11702.0;1.0;1982.0;15.0;0.368636906147;2.70101308823;0.668205678463;0.971611618996;1.39301156998;1.74373328686;0.467435717583;0.935527145863;0.893171787262;0.0;0.0;0.243041843176;1.18638074398
37;11733.0;2.0;1982.0;15.0;5.74608325958;5.44613552094;6.48369169235;8.3424949646;4.65158414841;5.50816249847;9.32402229309;8.28357601166;8.13359928131;6.0159497261;6.78939533234;7.66429901123;7.45130348206
38;11761.0;3.0;1982.0;15.0;6.63915634155;4.31080389023;4.82240629196;5.64739894867;5.55185270309;6.13351631165;6.58386325836;5.15066766739;5.35203266144;3.8766438961;3.36232805252;6.13241004944;5.61396408081
39;11792.0;4.0;1982.0;15.0;9.48009681702;19.6035919189;11.7748479843;10.1090183258;8.27815055847;7.90493774414;10.7355442047;25.5913887024;11.7315835953;8.25884056091;7.17105579376;14.3567943573;12.4597082138
40;11822.0;5.0;1982.0;15.0;55.6793136597;35.8669281006;38.4844512939;48.4023208618;38.2310638428;51.222454071;43.9405021667;17.7521381378;49.1171607971;19.21210289;38.8263282776;29.9191703796;62.2131843567
41;11853.0;6.0;1982.0;15.0;47.6996192932;16.4411697388;26.1702232361;19.8912734985;11.8683271408;8.67944812775;19.4992370605;46.1824531555;9.46886348724;22.5753822327;13.8716344833;26.2695999146;7.54075431824
42;11883.0;7.0;1982.0;15.0;50.6520271301;9.07955646515;33.9744415283;17.922832489;18.9911289215;19.2318267822;16.3972587585;26.8288211823;15.4143133163;35.9160003662;43.2915382385;16.1675262451;18.9955005646
43;11914.0;8.0;1982.0;15.0;24.23295784;10.6112308502;15.9730958939;0.844043910503;1.24985003471;4.06788110733;0.863097131252;15.9233417511;3.38339519501;14.0427618027;20.6345939636;0.278714954853;6.19531011581
44;11945.0;9.0;1982.0;15.0;29.5886974335;9.46369457245;30.0123252869;4.06806612015;0.875826776028;3.54849410057;2.23102664948;22.2770824432;11.5653524399;75.0115814209;24.9612293243;1.20740091801;7.52827835083
45;11975.0;10.0;1982.0;15.0;8.07837486267;7.23648643494;7.00564622879;6.90448999405;7.29404878616;7.03883886337;7.30474948883;7.25689220428;8.57176208496;7.19260597229;4.97244977951;6.765583992;9.03735256195
46;12006.0;11.0;1982.0;15.0;3.70366287231;1.19330918789;1.90590119362;3.09917283058;1.82390236855;1.32578039169;2.96938538551;2.66081285477;2.74537444115;1.82738447189;0.0962376818061;2.49752616882;1.64484775066
47;12036.0;12.0;1982.0;15.0;0.0123908538371;0.158700987697;0.103179484606;0.993032753468;0.109827049077;0.0334385931492;0.824802935123;0.0135742500424;1.1570776701;6.8023444328e-05;0.0;1.47184348106;0.244495376945
48;12067.0;1.0;1983.0;15.0;0.0;0.0;0.00574358180165;0.0191738437861;0.148887217045;0.0;0.0917045325041;0.0;7.63754997024e-06;0.0;0.0;0.280000001192;0.0
49;12098.0;2.0;1983.0;15.0;1.46785438061;0.730447530746;0.571294426918;0.249524638057;0.54614597559;0.412572383881;0.152205184102;0.777123987675;0.494666546583;0.130663856864;0.0421663969755;0.183891758323;0.173204511404
50;12126.0;3.0;1983.0;15.0;3.84355187416;5.80451822281;4.57095527649;2.43586826324;1.27083921432;3.52402639389;1.36643493176;4.18416070938;3.29305839539;4.76865577698;5.26375865936;1.24787843227;5.87453460693
51;12157.0;4.0;1983.0;15.0;2.41354727745;9.30180740356;4.59010744095;8.22080993652;8.89975833893;12.6556415558;9.29176998138;5.08473396301;10.8904590607;2.37517309189;1.28642606735;4.9077000618;14.1136608124
52;12187.0;5.0;1983.0;15.0;57.2665672302;17.3312530518;28.5991764069;17.8253002167;16.925786972;14.3369436264;18.7286262512;18.4593372345;14.5583152771;15.8188877106;29.2607269287;24.5522575378;15.8411808014
53;12218.0;6.0;1983.0;15.0;14.9648218155;18.1043453217;15.7219486237;20.3043785095;12.8652477264;14.5171146393;17.6639537811;11.7632436752;15.192358017;13.0816755295;18.2935066223;25.0726089478;18.08893013
54;12248.0;7.0;1983.0;15.0;24.2049827576;14.4173784256;26.2129516602;13.2391357422;10.5224933624;9.73871421814;13.2845573425;45.5167427063;11.5996046066;36.7013664246;27.6791114807;8.87056350708;8.31640720367
55;12279.0;8.0;1983.0;15.0;34.7843017578;18.3901672363;24.267282486;2.56549787521;2.91629481316;5.48706102371;2.12761998177;26.5802822113;4.88086843491;33.4515571594;21.2474594116;1.05915343761;9.31462860107
56;12310.0;9.0;1983.0;15.0;17.9123249054;9.40055751801;16.5280609131;10.0488204956;7.0353603363;8.37287139893;8.50522613525;9.85965061188;12.8793144226;23.1159057617;21.0126132965;7.33520412445;11.2452106476
57;12340.0;10.0;1983.0;15.0;3.58204722404;6.16621351242;3.31464290619;3.4603202343;5.27371358871;7.13604402542;3.2363550663;6.94435071945;3.16998577118;1.3741132021;0.504813075066;1.26237618923;5.65994739532
58;12371.0;11.0;1983.0;15.0;0.0597929358482;2.26068115234;0.628210663795;1.81822836399;2.6209897995;2.92080163956;1.75720107555;0.0994461849332;1.38653123379;0.0152678461745;0.0331162363291;1.66234958172;2.2687163353
59;12401.0;12.0;1983.0;15.0;1.0536185503;2.76051568985;1.13941061497;2.25735092163;2.34417438507;2.40111589432;1.91829907894;1.97685849667;3.07033371925;0.0302730407566;0.0105240792036;1.58365917206;2.40168261528
60;12432.0;1.0;1984.0;15.0;0.00856835395098;0.131077632308;0.0550423264503;0.128138840199;0.124802239239;0.0991620346904;0.0805471539497;0.129272475839;0.303602844477;0.0;0.0;0.100770883262;0.179116219282
61;12463.0;2.0;1984.0;15.0;0.0931917205453;0.0382308140397;0.159181281924;0.738846838474;1.39527010918;1.09710025787;0.833255290985;0.182136788964;0.708740651608;0.00792616140097;0.0;0.480313032866;0.414668679237
62;12492.0;3.0;1984.0;15.0;9.47253513336;11.1788101196;7.22717142105;9.7524728775;7.78666782379;8.68309497833;7.93823051453;10.2357654572;9.0098323822;6.01405858994;1.46512186527;9.04587650299;9.34859657288
63;12523.0;4.0;1984.0;15.0;9.82143592834;8.40550327301;13.8382730484;7.11315774918;6.46786022186;8.25407409668;7.71169376373;11.8001708984;8.41617870331;13.6650009155;25.3704071045;5.79780960083;9.34218502045
64;12553.0;5.0;1984.0;15.0;73.8823776245;26.3897628784;40.245174408;12.9420814514;8.39894580841;10.7433872223;11.2401676178;36.1928405762;22.782913208;34.2436637878;37.7335929871;8.49796390533;15.9344358444
65;12584.0;6.0;1984.0;15.0;20.4990882874;15.8396234512;19.7015361786;10.9306364059;10.3809099197;10.9801054001;9.89473438263;15.2853879929;13.9396467209;13.6070661545;33.0553207397;9.1036233902;12.5609531403
66;12614.0;7.0;1984.0;15.0;15.2162389755;29.9977626801;18.8245220184;18.9390716553;13.0146837234;22.1705226898;15.8391141891;16.8338909149;32.2502059937;12.6430330276;18.5431556702;3.55248093605;31.3836612701
67;12645.0;8.0;1984.0;15.0;19.0043621063;10.7751560211;15.6965675354;7.61283826828;5.47719478607;9.27354717255;5.91342258453;17.9763736725;10.3569908142;16.4702224731;17.8281040192;3.90072345734;11.7872848511
68;12676.0;9.0;1984.0;15.0;37.8289909363;58.5332870483;40.3290596008;29.1723747253;28.1477565765;32.6460227966;26.3273792267;68.8043899536;36.5448913574;34.2199783325;29.5239830017;16.8205528259;41.8394088745
69;12706.0;10.0;1984.0;15.0;9.15269088745;6.28459215164;7.84035682678;16.2257041931;9.396027565;9.2930727005;12.8790216446;4.83770704269;12.7920885086;7.53608036041;6.39595460892;12.1421127319;11.0806589127
70;12737.0;11.0;1984.0;15.0;0.0894377306104;0.322436451912;0.441096454859;2.78085684776;0.760082304478;1.02285921574;2.14106822014;1.06470155716;2.39086437225;0.143933653831;0.0120964506641;1.77968621254;1.33374965191
71;12767.0;12.0;1984.0;15.0;0.0529514104128;1.35571694374;0.298271000385;0.527792036533;0.356562405825;0.890940368176;0.283392459154;0.0546079874039;0.537397027016;0.000170058585354;0.0;0.0950182080269;1.44890713692
72;12798.0;1.0;1985.0;15.0;0.129800736904;1.17223656178;0.268040120602;0.793583154678;0.236074000597;0.168312266469;0.992624282837;0.24069210887;0.413955837488;0.00291887717322;0.0;1.7086635828;0.365750014782
73;12829.0;2.0;1985.0;15.0;0.147677823901;0.105644695461;0.191162243485;1.35778665543;1.93144404888;1.4110159874;1.50169336796;0.10448423028;0.222903758287;0.0;0.0;1.80772316456;0.250401735306
74;12857.0;3.0;1985.0;15.0;14.8775901794;6.91613769531;7.01552963257;3.0924372673;3.68624782562;3.37035346031;2.83329200745;8.05497741699;3.94952630997;4.18104982376;3.6268260479;1.62634682655;3.28948903084
75;12888.0;4.0;1985.0;15.0;5.08113670349;8.43765830994;6.19559431076;9.43901729584;8.92225456238;10.4889974594;9.08738708496;6.39699649811;10.8442363739;5.70821762085;3.73736214638;7.24542856216;10.8723258972
76;12918.0;5.0;1985.0;15.0;16.0658226013;24.7388381958;14.3612642288;13.5611629486;13.5987606049;17.1882915497;13.0487976074;13.5722045898;15.6100053787;5.63241910934;13.0754842758;16.2208099365;20.2298603058
77;12949.0;6.0;1985.0;15.0;16.3159427643;37.2545051575;19.9300632477;9.64196491241;4.99801111221;10.8513288498;7.2233915329;26.7744617462;10.6131811142;10.6570653915;23.5796070099;7.24822568893;19.4169139862
78;12979.0;7.0;1985.0;15.0;22.7493171692;22.6398715973;21.0550003052;12.6675348282;13.6385669708;19.8397102356;13.0831041336;22.909614563;17.9683227539;19.2941703796;21.2628707886;5.20745897293;23.0424098969
79;13010.0;8.0;1985.0;15.0;30.7910556793;13.2436876297;37.8793334961;8.32561683655;5.90830230713;8.4070892334;7.6096534729;21.854631424;13.311507225;59.2504196167;66.3312759399;2.39054250717;11.3916702271
80;13041.0;9.0;1985.0;15.0;36.8367996216;44.3724899292;33.40467453;11.3329648972;7.8050327301;13.3224210739;9.47662258148;53.9126663208;25.0056724548;43.7675056458;17.9132347107;7.40971851349;25.1065883636
81;13071.0;10.0;1985.0;15.0;5.27934503555;5.89238739014;5.249147892;8.44281387329;8.35811042786;7.82394504547;8.69644165039;7.0466542244;6.74059915543;5.82276964188;2.08874201775;7.30993747711;6.77651691437
82;13102.0;11.0;1985.0;15.0;0.0134518221021;0.495961159468;0.510477721691;4.33117818832;2.57190895081;2.21198368073;3.35540390015;0.583081901073;2.11863398552;0.117856197059;0.0356215946376;2.58376455307;1.45940673351
83;13132.0;12.0;1985.0;15.0;0.003955966793;0.00105449988041;0.0236212108284;0.0811000987887;0.27539730072;0.256443887949;0.0054662162438;0.00948998890817;0.0893727317452;6.8023444328e-05;0.0;0.0;0.183702215552
84;13163.0;1.0;1986.0;15.0;0.000628509907983;0.399945765734;0.087780199945;0.185101628304;0.0786793902516;0.172453776002;0.0455102548003;0.0463598594069;0.294750213623;0.0;0.0;0.0481802858412;0.369817346334
85;13194.0;2.0;1986.0;15.0;0.586718440056;3.68190932274;1.36605322361;3.91420125961;4.16432905197;5.0645160675;3.68452787399;1.24210357666;4.69841575623;0.00526815839112;0.0;3.2139480114;4.80115556717
86;13222.0;3.0;1986.0;15.0;7.59697294235;7.31594705582;6.31793737411;5.52547883987;5.18575954437;6.64651823044;4.25823354721;9.23250865936;5.01121807098;5.16195821762;4.64718341827;3.55474686623;6.36219501495
87;13253.0;4.0;1986.0;15.0;8.55405902863;5.72229623795;6.82890605927;7.57502412796;7.94826984406;9.28036499023;7.20066690445;5.15918064117;8.6521730423;7.78791856766;4.71998167038;6.20831298828;8.75493240356
88;13283.0;5.0;1986.0;15.0;10.5618505478;15.1829032898;13.6551160812;8.13500022888;9.04769992828;11.8361663818;7.78719997406;13.7628965378;11.1413879395;10.3263378143;19.8837966919;6.75901317596;15.3445138931
89;13314.0;6.0;1986.0;15.0;47.4592857361;42.508228302;28.6291065216;12.4251270294;11.32604599;9.93538951874;12.4484052658;28.9161891937;17.2574768066;23.0066490173;17.7534065247;16.8545875549;12.3409786224
90;13344.0;7.0;1986.0;15.0;31.1649589539;25.6155662537;31.3310890198;8.28105926514;8.59907627106;13.3172836304;7.24303340912;32.1607551575;13.5530099869;44.0933151245;36.6410598755;4.00983953476;17.2664489746
91;13375.0;8.0;1986.0;15.0;28.7861595154;10.4342470169;22.379901886;3.37063884735;4.23213672638;6.83975934982;4.51060771942;27.6168136597;3.94717741013;26.2051906586;28.211479187;2.13900303841;7.37330341339
92;13406.0;9.0;1986.0;15.0;40.4286727905;20.596370697;29.0822296143;10.0989694595;7.06308937073;8.14588546753;8.69167613983;46.2742996216;11.9829702377;22.8327064514;33.1526031494;5.56817054749;10.1700696945
93;13436.0;10.0;1986.0;15.0;11.8197011948;8.37492847443;12.0444602966;17.7957038879;15.3918209076;11.2697954178;18.3179969788;9.98291015625;9.83703517914;16.350687027;11.3529958725;20.7374000549;8.66321372986
94;13467.0;11.0;1986.0;15.0;0.259505420923;1.02866542339;1.3986736536;2.33134531975;2.45193123817;2.96198296547;2.07065796852;0.998159348965;1.7964578867;3.21028447151;0.881081819534;0.957359075546;2.18164253235
95;13497.0;12.0;1986.0;15.0;0.0;0.0;0.000229037977988;0.00331670045853;0.00215805671178;0.0;0.000132864632178;0.0;0.00527384318411;0.0;0.0;0.0;0.000151288608322
96;13528.0;1.0;1987.0;15.0;0.973999977112;0.0558842495084;0.304039180279;0.10594317317;0.455315232277;0.346324265003;0.106896713376;0.479872107506;0.122640870512;0.0356192551553;0.0;0.107418820262;0.0547113269567
97;13559.0;2.0;1987.0;15.0;2.36738920212;1.48927557468;1.2827808857;2.21190452576;2.78745317459;3.21312475204;2.70891213417;1.7073379755;2.27218818665;0.00673369085416;0.0;2.33803391457;2.78924489021
98;13587.0;3.0;1987.0;15.0;10.4348325729;10.3124132156;9.87485313416;16.479839325;10.7350816727;9.96628665924;11.8712596893;12.1143579483;12.485244751;7.35478305817;8.68476676941;16.6416664124;11.4982213974
99;13618.0;4.0;1987.0;15.0;5.60995101929;5.56657981873;4.81922006607;4.37023162842;3.53179192543;6.56628608704;3.84376263618;5.7950425148;7.60107040405;5.09905958176;2.12804985046;1.0079574585;8.12913608551
100;13648.0;5.0;1987.0;15.0;9.17546653748;14.1010761261;12.0501127243;9.73191738129;8.30851078033;11.6479139328;9.42495441437;11.7984075546;12.0270166397;8.72572422028;16.4411315918;7.65182542801;15.9309177399
101;13679.0;6.0;1987.0;15.0;27.3105010986;13.1873035431;21.4687480927;16.0171718597;11.0021257401;11.8474311829;12.4059867859;15.0045013428;11.2038068771;26.6731472015;24.9793949127;15.2398900986;11.5578966141
102;13709.0;7.0;1987.0;15.0;51.2516021729;16.7010612488;33.823513031;23.9761943817;12.104765892;19.2709293365;17.7437419891;21.679693222;21.5574836731;41.2359085083;35.1833381653;8.40995597839;19.6083564758
103;13740.0;8.0;1987.0;15.0;27.1954269409;20.6211509705;32.8224563599;42.3193855286;19.9407234192;15.3074598312;34.3812980652;45.734336853;20.4521465302;25.3193664551;51.9965553284;55.3585319519;15.7043037415
104;13771.0;9.0;1987.0;15.0;16.5202655792;17.8453292847;18.2140426636;23.2103557587;17.7761135101;17.6162605286;22.437292099;17.513759613;24.1374549866;22.8887271881;14.7065401077;22.1983985901;21.1777095795
105;13801.0;10.0;1987.0;15.0;7.49821376801;11.5151224136;8.87195587158;13.0745067596;11.0822477341;9.20866680145;14.3675251007;11.001865387;10.8341531754;8.95687770844;5.99658346176;23.3807678223;10.6283578873
106;13832.0;11.0;1987.0;15.0;0.0140384174883;0.0493698753417;0.440453916788;1.25667357445;0.357355594635;0.496414542198;0.862354099751;0.271935075521;0.610277116299;1.13134253025;0.421682953835;0.769217789173;0.629638433456
107;13862.0;12.0;1987.0;15.0;0.0107980025932;0.708004593849;0.293310850859;0.561720192432;0.309017598629;0.906337916851;0.279333859682;0.0196670871228;3.36812019348;0.000170058599906;0.025711812079;0.21680188179;1.52723920345
108;13893.0;1.0;1988.0;15.0;3.39205265045;2.15381097794;1.84961628914;0.605041265488;0.171534210443;0.391958922148;0.379763543606;6.82474088669;0.992525935173;0.19099073112;0.155320510268;0.623004436493;0.757250189781
109;13924.0;2.0;1988.0;15.0;3.3590824604;3.75839209557;2.47549057007;5.17973852158;3.81805372238;4.3890171051;4.2104845047;2.9544005394;7.71159791946;0.0947606638074;0.916406869888;2.21919775009;5.02730226517
110;13953.0;3.0;1988.0;15.0;2.94550442696;10.0879001617;4.59818458557;5.11699819565;5.90108537674;8.25368690491;5.55471420288;12.7323141098;8.48534679413;1.63792836666;0.00342427450232;3.65791678429;9.84567832947
111;13984.0;4.0;1988.0;15.0;10.3636703491;8.78210639954;10.9512329102;32.469203949;10.8391094208;13.4606971741;23.2761058807;9.81679534912;48.8110694885;5.98063087463;8.75023269653;7.80276727676;17.1596107483
112;14014.0;5.0;1988.0;15.0;12.1896915436;9.82634925842;10.2701597214;14.209939003;11.428191185;12.2735080719;15.3392772675;12.0761651993;11.3545532227;8.39020729065;7.64805936813;14.4510269165;12.6924571991
113;14045.0;6.0;1988.0;15.0;47.7222518921;46.2038803101;47.5264892578;33.8607406616;14.5079841614;16.5782852173;26.9856891632;52.3417434692;24.7695083618;36.7305526733;71.2498626709;37.4613265991;22.0791988373
114;14075.0;7.0;1988.0;15.0;41.4131088257;37.652633667;29.5379161835;25.397064209;11.9661540985;20.726354599;15.187962532;48.0973358154;31.7934780121;18.6791744232;17.2726230621;8.93403720856;32.2022094727
115;14106.0;8.0;1988.0;15.0;28.2943305969;27.5274486542;30.9149341583;7.31196212769;3.07051825523;8.12665557861;5.34448194504;22.0182552338;13.2320127487;31.6701583862;52.1863632202;1.14588415623;15.8422431946
116;14137.0;9.0;1988.0;15.0;80.6862411499;40.3030929565;45.5903282166;27.5464038849;25.917678833;37.3885421753;26.867023468;38.2169837952;36.6421508789;40.9141197205;28.9171199799;24.3672218323;39.3285827637
117;14167.0;10.0;1988.0;15.0;6.80333423615;10.2698163986;7.620844841;8.94520282745;8.46444892883;10.0387620926;8.57259464264;10.9520940781;11.1697797775;7.18047761917;4.49597787857;7.14713287354;10.0344543457
118;14198.0;11.0;1988.0;15.0;0.057771731168;1.91366147995;0.999944031239;3.11581063271;2.26462435722;2.7557425499;2.4628276825;1.50488770008;2.75366210938;1.12423801422;0.113483473659;2.82580780983;2.04737973213
119;14228.0;12.0;1988.0;15.0;1.14601373672;2.5027153492;0.860133767128;2.30191540718;2.19805693626;1.35291540623;1.55413031578;0.198721855879;2.56777524948;0.0099196061492;0.0;1.76626574993;1.50372767448
120;14259.0;1.0;1989.0;15.0;0.0;0.0;0.0206568054855;0.0896395593882;0.430709779263;0.251016914845;0.227362856269;0.0;0.0100298691541;0.0;0.0;0.332064568996;0.0132998693734
121;14290.0;2.0;1989.0;15.0;0.043207578361;0.747723579407;0.272937566042;0.292826592922;1.75191390514;1.39359498024;0.481846183538;0.0806213244796;1.75809764862;0.00552787352353;0.0;0.406280726194;0.911286354065
122;14318.0;3.0;1989.0;15.0;7.15081262589;13.1110448837;10.5745763779;7.15656328201;9.07918739319;10.9097003937;7.2906293869;21.6893100739;11.5074176788;9.3570690155;9.38158893585;4.4497127533;10.1791553497
123;14349.0;4.0;1989.0;15.0;12.0328083038;8.80340671539;9.65784549713;14.1340923309;18.2758331299;14.6368551254;15.5344276428;6.67316913605;10.5940437317;6.00879907608;9.94508361816;13.6775960922;9.40896224976
124;14379.0;5.0;1989.0;15.0;9.76327610016;6.96446037292;10.0288476944;11.5196943283;13.20495224;13.1395330429;11.5338096619;7.7846698761;10.8802127838;8.47437667847;13.0160074234;9.67126274109;11.560300827
125;14410.0;6.0;1989.0;15.0;25.422328949;23.2955055237;24.9455509186;33.4319648743;32.3323707581;36.5063247681;32.2265853882;26.0138244629;34.2550010681;18.5471248627;23.6769771576;19.7072906494;36.9783477783
126;14440.0;7.0;1989.0;15.0;44.8539085388;21.3976993561;36.1494407654;26.4129981995;15.7778148651;20.3483448029;17.504858017;56.2872428894;19.250120163;50.1936759949;26.7380638123;16.897485733;19.4165229797
127;14471.0;8.0;1989.0;15.0;73.8149185181;27.0816555023;59.0615997314;14.2944536209;8.92799568176;11.7942857742;11.0597515106;65.8383102417;12.9369382858;47.5983009338;97.9623260498;11.7670993805;15.8819904327
128;14502.0;9.0;1989.0;15.0;36.4279251099;65.2576065063;32.1811523438;9.68260383606;7.11866426468;12.2416934967;8.92965507507;47.1317672729;23.8100910187;27.0798797607;18.850233078;9.54801273346;21.1941814423
129;14532.0;10.0;1989.0;15.0;16.771270752;15.6138458252;13.2417564392;10.7553434372;6.67303752899;8.95783233643;9.98889923096;13.3395223618;11.5086021423;14.0195331573;9.71727848053;9.5100107193;12.3573122025
130;14563.0;11.0;1989.0;15.0;0.0314061306417;0.292266458273;0.26153498888;2.59849905968;1.32844555378;1.09913957119;2.30920433998;0.0214718468487;1.317445755;3.27124143951e-05;0.0;1.75947165489;0.936814427376
131;14593.0;12.0;1989.0;15.0;3.31811475754;0.272957831621;2.65579676628;0.0347385071218;0.709825754166;0.395290941;0.0264864210039;0.897058784962;0.0600016787648;4.80820226669;3.88694238663;0.0290159955621;0.0381429307163
132;14624.0;1.0;1990.0;15.0;1.66477251053;2.10504007339;0.906399130821;0.683704614639;0.247559815645;1.28722119331;0.348853588104;1.31635856628;0.743972480297;0.0751010626554;0.0;0.186975091696;1.47572028637
133;14655.0;2.0;1990.0;15.0;0.684334695339;4.79132986069;1.45747423172;3.37565469742;3.92264437675;5.05107688904;5.00646114349;0.862212061882;2.46343946457;0.13191844523;0.0222634505481;6.16739368439;4.15217542648
134;14683.0;3.0;1990.0;15.0;0.374970257282;4.92219400406;1.17602396011;1.44411468506;3.40409898758;4.30753707886;1.49623942375;0.582923531532;1.4807267189;0.073549054563;0.00246467720717;0.828032672405;3.84297823906
135;14714.0;4.0;1990.0;15.0;7.91035699844;14.7744808197;8.7018327713;15.9864521027;10.1562671661;11.4433069229;14.3465538025;8.93767642975;15.2961921692;6.42782306671;4.57895755768;17.9181976318;14.361700058
136;14744.0;5.0;1990.0;15.0;13.2356939316;6.55043315887;9.91525936127;9.27495479584;6.37088012695;4.43026542664;8.99224090576;8.62032604218;6.90199279785;9.27786827087;11.8425683975;14.9387149811;4.89974975586
137;14775.0;6.0;1990.0;15.0;36.8224067688;39.2732696533;28.2964878082;33.3917007446;19.3999652863;16.0545768738;29.0733394623;41.7956809998;16.5266819;17.9178695679;21.6161327362;49.4380378723;16.4579811096
138;14805.0;7.0;1990.0;15.0;16.0161247253;16.5813446045;18.1153068542;17.8727836609;11.1047143936;18.0988960266;14.738243103;19.1829681396;21.0905189514;18.0192050934;19.5313625336;8.04713535309;26.8557357788
139;14836.0;8.0;1990.0;15.0;41.2581062317;7.28832483292;26.4810829163;2.77643013;5.68907546997;8.20895671844;3.01335120201;24.2558898926;4.82149839401;39.8508148193;26.222650528;1.332903862;6.92906284332
140;14867.0;9.0;1990.0;15.0;17.5498409271;8.8827085495;16.5183315277;7.94477415085;5.84354639053;7.75339698792;7.32953453064;10.7189302444;10.0834178925;12.6673202515;30.4087715149;4.83921480179;11.2701749802
141;14897.0;10.0;1990.0;15.0;8.82037448883;11.0353164673;6.87236118317;8.58526229858;6.18186426163;6.63746356964;9.28912448883;9.76497650146;8.54255485535;5.00048017502;2.37664151192;7.2544631958;7.35412788391
142;14928.0;11.0;1990.0;15.0;0.93465667963;0.584132373333;1.13659238815;3.82062387466;2.62326574326;2.34151053429;3.44573712349;1.26762700081;2.86953854561;0.894623637199;0.864042162895;2.51023340225;1.44690775871
143;14958.0;12.0;1990.0;15.0;2.0285243988;4.76760721207;3.0462167263;8.87553119659;10.0827054977;11.5154590607;9.1484413147;4.14779424667;10.0250787735;0.73395627737;0.058798328042;6.01228237152;9.4940032959
144;14989.0;1.0;1991.0;15.0;0.495012968779;0.328115701675;0.279091596603;0.593214452267;0.330472946167;0.290752232075;0.603257775307;0.732451081276;0.38827842474;0.0228728447109;0.0;1.1771222353;0.174354225397
145;15020.0;2.0;1991.0;15.0;3.14857912064;5.69195175171;3.74262070656;2.18519234657;2.83966231346;3.25815534592;2.9144423008;3.21617841721;3.61043310165;5.35704803467;2.40308737755;2.82915687561;3.95967292786
146;15048.0;3.0;1991.0;15.0;8.04916572571;3.45101356506;8.64694213867;4.79259061813;4.83196735382;4.94154882431;4.83234739304;6.96744060516;4.3945479393;5.84389829636;17.7273426056;3.92467546463;3.79631376266
147;15079.0;4.0;1991.0;15.0;11.9875621796;16.1262817383;11.2258300781;12.7371797562;11.8632745743;13.223780632;12.869550705;12.3241567612;12.6260213852;8.42339134216;7.86413002014;13.2284679413;16.314868927
148;15109.0;5.0;1991.0;15.0;46.3590164185;24.6185398102;30.2637233734;14.1670618057;9.26255226135;10.8814601898;12.3465051651;22.6491260529;18.3233089447;17.3206920624;41.5223693848;12.8498249054;17.8321590424
149;15140.0;6.0;1991.0;15.0;42.0736160278;14.9571561813;28.1681556702;17.1792488098;8.93592834473;9.12185192108;14.8770570755;25.9629001617;13.6337108612;34.0788002014;28.6103725433;12.6792612076;10.6941604614
150;15170.0;7.0;1991.0;15.0;71.2966918945;76.6532821655;55.6404457092;48.0479164124;40.1198921204;64.5137634277;48.9540748596;34.7522964478;52.7564315796;28.4865760803;55.1570243835;36.4156723022;87.292350769
151;15201.0;8.0;1991.0;15.0;18.3515701294;16.155122757;17.6973114014;3.64885616302;2.49213624001;4.6668510437;3.78021597862;23.3667964935;5.2968916893;21.28008461;20.8181800842;1.94362640381;7.13344860077
152;15232.0;9.0;1991.0;15.0;29.6199378967;19.6074028015;18.8045253754;7.87429666519;5.88343095779;7.14101886749;7.97736358643;38.1192550659;7.45997667313;16.6347408295;8.67578315735;6.71975326538;8.08684635162
153;15262.0;10.0;1991.0;15.0;24.8285751343;11.1901702881;19.1366958618;17.9803943634;15.750453949;11.3938989639;18.3736724854;26.5830173492;18.6443099976;24.7828674316;13.1502885818;20.0519886017;10.4463033676
154;15293.0;11.0;1991.0;15.0;0.0448204129934;0.252831876278;0.172152802348;0.963014006615;0.88729685545;0.599128365517;0.539502680302;0.499028176069;0.441443115473;0.0419976934791;0.00713773490861;0.257828891277;0.187438040972
155;15323.0;12.0;1991.0;15.0;0.00334226479754;0.112534821033;0.360730737448;4.83004665375;1.10486471653;2.68852853775;2.89531564713;0.00415411358699;2.0637524128;3.7338664697e-05;0.0;2.77453017235;1.68741989136
156;15354.0;1.0;1992.0;15.0;0.0501306355;0.0769967138767;0.0824256837368;0.00565685937181;0.384030133486;0.500324249268;0.00283466768451;0.358695060015;0.0470401570201;0.00511310994625;0.0;0.0;0.153448820114
157;15385.0;2.0;1992.0;15.0;0.019831283018;0.395920068026;0.103596992791;0.160504892468;0.764340817928;0.604109823704;0.150377824903;0.0163502953947;0.299503415823;0.0;0.0;0.009042667225;0.233633637428
158;15414.0;3.0;1992.0;15.0;0.745725750923;1.03509366512;0.908724606037;1.72054684162;1.65416812897;1.46852684021;1.77106761932;1.95810425282;1.22508513927;0.760325312614;0.291845202446;1.36435747147;1.24650681019
159;15445.0;4.0;1992.0;15.0;15.0907793045;30.3603820801;13.8862771988;8.3054895401;8.48441123962;13.2801322937;8.72842025757;9.75344371796;20.657951355;5.47053623199;11.7932043076;8.33648681641;20.3512992859
160;15475.0;5.0;1992.0;15.0;29.6175270081;12.6054754257;22.3157978058;10.7769670486;11.2925796509;11.3858213425;11.9404802322;13.8280115128;11.9639320374;26.9046554565;27.0945339203;12.2518291473;13.2982292175
161;15506.0;6.0;1992.0;15.0;38.9779434204;22.7781486511;28.9346599579;17.2838172913;12.1730766296;12.7499523163;16.9467773438;37.7881126404;12.3545436859;36.6300964355;22.0132637024;23.5143470764;13.9094705582
162;15536.0;7.0;1992.0;15.0;83.12940979;30.2623577118;51.9081268311;4.7496752739;2.79062366486;6.0514421463;3.82658290863;64.6650466919;8.09451770782;59.9712181091;51.0908660889;3.41880273819;8.37723064423
163;15567.0;8.0;1992.0;15.0;11.8413829803;7.06353759766;13.265209198;1.62963604927;0.807083189487;2.14704799652;1.58173751831;16.6942481995;2.36923670769;19.0500183105;19.1903133392;0.664717078209;3.065928936
164;15598.0;9.0;1992.0;15.0;22.4989948273;16.321855545;21.702917099;28.4467010498;10.4760351181;13.5918388367;19.2384757996;28.6291179657;33.4596786499;34.5516357422;11.5828084946;11.6701669693;18.2201728821
165;15628.0;10.0;1992.0;15.0;3.66155695915;4.67588233948;4.4769859314;8.01315784454;4.59382820129;4.53265476227;7.69720077515;5.32160949707;6.23068618774;5.24169635773;3.31994986534;6.37425756454;4.9260020256
166;15659.0;11.0;1992.0;15.0;15.1851243973;6.49340057373;8.21084785461;4.14732551575;2.63822221756;3.8264400959;3.22436237335;9.95206737518;3.33437108994;7.70639896393;5.07842302322;3.30744147301;3.28901839256
167;15689.0;12.0;1992.0;15.0;0.208465471864;0.334477722645;0.144525229931;0.392488002777;0.184678018093;0.668523788452;0.153542906046;0.0908141210675;0.125210002065;6.86911444063e-05;0.0;0.220296919346;0.425307124853
168;15720.0;1.0;1993.0;15.0;0.00105823588092;0.0434640534222;0.0232096388936;0.00476459180936;0.133355796337;0.202684313059;0.00152947031893;0.0583055131137;0.0386502817273;0.0;0.0;0.0;0.0912519693375
169;15751.0;2.0;1993.0;15.0;0.880391478539;2.1234664917;1.59260225296;5.7483253479;5.62938833237;5.17124843597;7.04693889618;2.53704452515;5.11160707474;0.218202382326;0.0;7.74032402039;5.45308732986
170;15779.0;3.0;1993.0;15.0;6.81788015366;9.61896324158;7.17767572403;6.18771600723;7.67339468002;6.93913269043;6.33854484558;7.05307769775;7.18738985062;10.4918375015;3.85243034363;5.72707843781;6.79991388321
171;15810.0;4.0;1993.0;15.0;4.69529771805;7.15659093857;6.54991388321;7.22878837585;7.53166007996;8.21926593781;6.53843021393;5.87228870392;7.74583673477;8.94356536865;5.52587556839;5.08780097961;9.11748695374
172;15840.0;5.0;1993.0;15.0;14.2433319092;22.3503723145;17.0150775909;39.5643005371;11.9724092484;11.8490228653;32.0007514954;17.1163368225;44.259059906;11.3053731918;14.8485279083;28.9650993347;22.7832069397
173;15871.0;6.0;1993.0;15.0;17.2037677765;18.8766212463;21.1612377167;46.5869445801;37.3357582092;41.5724525452;52.0138549805;26.9475078583;42.0506668091;16.6684551239;13.2647762299;43.6063232422;39.092880249
174;15901.0;7.0;1993.0;15.0;53.5170631409;17.6839408875;46.7986679077;32.2437286377;22.7038593292;27.7706851959;29.4772777557;37.2234039307;35.2626953125;59.6723670959;60.9058685303;18.1625843048;31.4658470154
175;15932.0;8.0;1993.0;15.0;31.9573440552;42.4000244141;33.343421936;2.28839659691;4.55051136017;13.6548748016;2.47819471359;40.9441795349;11.9636545181;29.6090011597;42.7534141541;0.822576642036;25.0550632477
176;15963.0;9.0;1993.0;15.0;62.7384529114;78.8191986084;45.7468032837;11.3344287872;13.1037302017;28.3267269135;13.8784265518;65.0417175293;40.8334960938;33.4086227417;21.8431072235;5.04162788391;53.461643219
177;15993.0;10.0;1993.0;15.0;6.97917985916;5.34783744812;5.43694210052;5.81275272369;5.70693397522;5.42746305466;5.68650150299;8.67677879333;4.74852323532;5.03516435623;3.2264649868;6.34254312515;3.83877062798
178;16024.0;11.0;1993.0;15.0;0.7547134161;1.34054899216;1.09293174744;4.77252960205;3.44881057739;2.36140489578;4.81686973572;1.95421469212;1.79251408577;0.759443700314;0.00293486285955;7.56909418106;1.81521987915
179;16054.0;12.0;1993.0;15.0;1.95842468739;6.27592229843;2.1165266037;2.56587505341;2.64719295502;2.90510129929;2.6372756958;3.27905917168;5.01191282272;0.071302421391;0.195089459419;2.76798725128;4.07066392899
180;16085.0;1.0;1994.0;15.0;0.0589612945914;0.121746115386;0.225037589669;1.84870994091;1.81098854542;1.26448619366;1.99241399765;0.0541211180389;0.877286791801;0.00797700881958;0.0035970446188;1.68705439568;0.728439092636
181;16116.0;2.0;1994.0;15.0;0.0324066579342;2.11644101143;0.674667716026;2.01253652573;3.34775876999;2.22826743126;3.71832609177;0.598200023174;0.981499373913;0.0037677641958;0.0;5.85215806961;1.93519282341
182;16144.0;3.0;1994.0;15.0;6.27781677246;6.64113712311;4.70468664169;4.73206281662;3.12539792061;3.77171707153;3.80579972267;1.92612242699;4.68684482574;4.32025527954;4.0595741272;4.29780197144;3.87987470627
183;16175.0;4.0;1994.0;15.0;8.34749603271;10.5230169296;10.2349872589;7.70753192902;7.1237039566;10.4728021622;6.57164955139;10.0460309982;10.6722431183;11.8336620331;11.2907056808;4.91547250748;11.4699611664
184;16205.0;5.0;1994.0;15.0;22.1871833801;17.5102329254;18.3297615051;6.96539878845;7.67627191544;7.4151558876;7.30696678162;27.791223526;9.12871360779;20.7676715851;15.7492246628;7.1275343895;8.90080928802
185;16236.0;6.0;1994.0;15.0;59.7063865662;28.5462970734;33.3207397461;14.9798488617;12.3038425446;10.2367448807;13.7631855011;43.6824913025;11.8634433746;28.4362106323;24.0242519379;14.6767921448;9.90330886841
186;16266.0;7.0;1994.0;15.0;12.5070171356;12.1154956818;13.2076702118;4.8037686348;5.33140325546;8.74808502197;4.02313566208;14.7987232208;8.05630016327;13.4575281143;17.1386413574;3.43920898438;11.2568769455
187;16297.0;8.0;1994.0;15.0;27.5117683411;11.7642030716;30.9002189636;5.07570552826;2.64535045624;4.3034787178;4.26265001297;22.5301418304;8.41029930115;38.785949707;58.3495407104;2.16973662376;6.19477272034
188;16328.0;9.0;1994.0;15.0;28.8818321228;32.7866210938;29.4053535461;44.6572227478;31.0039291382;54.2163963318;37.3223953247;17.07280159;67.0541610718;25.529914856;20.5254821777;13.0146083832;67.3260803223
189;16358.0;10.0;1994.0;15.0;12.3098201752;13.0514287949;10.3920612335;8.85632610321;7.9327454567;9.6515378952;8.39385223389;9.7078704834;9.32344436646;11.6607208252;6.82941532135;8.50550937653;11.2473754883
190;16389.0;11.0;1994.0;15.0;0.176975771785;2.0851085186;1.24902045727;5.45756864548;8.1373052597;10.0354804993;4.38262176514;0.0636095032096;3.56887745857;0.439333885908;0.00358072225936;3.67248463631;5.27080965042
191;16419.0;12.0;1994.0;15.0;0.0;0.0;0.0494027845562;1.89330947399;0.000419920048444;0.00202342309058;0.0581538937986;0.0;0.931437969208;0.0;0.0;0.118329823017;0.00841073412448
192;16450.0;1.0;1995.0;15.0;0.000326471694279;0.0220365840942;0.0898666605353;0.790341973305;0.453642636538;0.426381677389;1.6087474823;0.0212008990347;0.147057786584;0.0;0.0;2.49955916405;0.213794797659
193;16481.0;2.0;1995.0;15.0;1.16791892052;1.93134021759;0.87340503931;2.71261882782;1.84042048454;0.99142485857;1.95715641975;1.39910399914;2.36159658432;0.0318779535592;0.0;2.66274905205;0.738189041615
194;16509.0;3.0;1995.0;15.0;9.32726478577;15.070353508;7.65976810455;11.7282562256;11.8971853256;11.719335556;12.9130353928;16.573928833;8.79475593567;2.12520289421;0.298648715019;9.99486255646;10.6627454758
195;16540.0;4.0;1995.0;15.0;9.62690830231;28.331911087;13.4340858459;11.0009889603;12.3529348373;19.1449337006;9.37879371643;11.1152429581;20.5070152283;5.67380666733;13.0254516602;6.77606534958;25.9382839203
196;16570.0;5.0;1995.0;15.0;14.6356334686;15.8291101456;12.458902359;9.92308139801;9.74926280975;12.4401912689;8.84645175934;15.3228788376;11.234041214;12.9329299927;7.56304121017;7.80977725983;14.2798213959
197;16601.0;6.0;1995.0;15.0;35.1978530884;16.5058345795;22.8998260498;17.4482765198;17.9869308472;15.7447843552;17.2217617035;29.2919139862;15.7192296982;15.694735527;22.0561714172;18.5655822754;13.7631263733
198;16631.0;7.0;1995.0;15.0;15.0839281082;18.3107624054;22.6980514526;19.0240535736;6.30388832092;14.6523551941;11.7781553268;17.7439441681;18.5751914978;22.9270915985;39.081401825;7.11994409561;20.1387996674
199;16662.0;8.0;1995.0;15.0;42.2608718872;18.4740753174;40.4919242859;7.54614019394;5.44855213165;11.7618131638;6.62066793442;26.6115341187;10.3523054123;43.7033996582;73.4889755249;4.4600148201;17.5066757202
200;16693.0;9.0;1995.0;15.0;26.1455936432;37.5484886169;39.7119674683;5.52461194992;5.49020195007;10.617316246;5.68935155869;46.8763923645;19.4984321594;87.4868469238;30.7137889862;3.74389123917;21.067647934
201;16723.0;10.0;1995.0;15.0;11.0517759323;8.33128166199;9.3515329361;7.57604455948;4.84996461868;4.87450170517;6.1055893898;14.9725971222;7.52277708054;10.7983055115;6.93195056915;4.32888460159;5.3379201889
202;16754.0;11.0;1995.0;15.0;2.16304755211;3.04007411003;1.65245604515;2.24085783958;3.17468118668;2.51267671585;2.81889867783;1.30535697937;2.60288882256;1.12617945671;0.0873072817922;2.85754394531;3.63399767876
203;16784.0;12.0;1995.0;15.0;1.08967494965;1.54156827927;0.904939591885;1.29038834572;1.60353159904;1.71743369102;1.34853136539;1.40173578262;1.55102276802;0.244834125042;0.257341116667;0.545613229275;1.77098119259
204;16815.0;1.0;1996.0;15.0;0.286179631948;0.182493180037;0.15520721674;0.252496480942;0.330638706684;0.232984170318;0.0874615460634;0.459124863148;0.200306534767;0.00407541776076;0.0;0.0291322227567;0.0485510341823
205;16846.0;2.0;1996.0;15.0;0.520103871822;2.19948792458;1.28336060047;5.49294090271;4.65584516525;4.51038885117;4.33054924011;2.06036567688;4.42507219315;0.317743599415;0.0040143863298;3.25738739967;3.65228104591
206;16875.0;3.0;1996.0;15.0;3.54072976112;11.5269794464;3.52223610878;5.32640981674;5.06786775589;6.6162481308;4.95773839951;2.59791374207;8.43523025513;0.231432422996;0.34093824029;3.04832077026;7.3288269043
207;16906.0;4.0;1996.0;15.0;7.05958890915;9.27844333649;8.45810508728;8.91454696655;9.20669269562;9.2970905304;8.87454223633;8.32747650146;11.423037529;10.6030368805;6.74727916718;6.89955472946;10.6666402817
208;16936.0;5.0;1996.0;15.0;8.9309053421;19.8357200623;12.0044593811;14.102848053;9.66612625122;11.5695743561;12.2731800079;8.29961013794;20.6745967865;9.06558227539;12.3513059616;8.92704772949;19.4979991913
209;16967.0;6.0;1996.0;15.0;20.2779655457;26.7489089966;21.3636550903;19.5950603485;17.2950267792;20.8295612335;20.363948822;16.0574417114;28.6584014893;23.6334171295;18.1405925751;20.5365180969;29.6531524658
210;16997.0;7.0;1996.0;15.0;88.3754730225;29.8742275238;49.3975410461;28.9190540314;15.5630741119;26.3995571136;22.7855091095;45.7368087769;48.5858535767;38.3704566956;42.1726341248;11.7722291946;46.8259544373
211;17028.0;8.0;1996.0;15.0;85.2541351318;29.6243839264;63.8949241638;16.7779560089;11.0697631836;15.1310367584;14.6954517365;61.659324646;22.0717563629;102.911865234;62.2400093079;9.8357667923;17.8369007111
212;17059.0;9.0;1996.0;15.0;36.1122512817;14.0131406784;34.8484306335;6.10316562653;2.9274187088;5.44065380096;4.87041759491;27.8999099731;11.5555858612;52.5489501953;51.9934692383;2.68167495728;9.38234043121
213;17089.0;10.0;1996.0;15.0;22.2426528931;8.83792209625;14.131521225;10.9300107956;9.34994792938;8.92872905731;11.0543775558;26.2305870056;7.33315849304;13.497877121;7.68947219849;9.46106529236;7.69058513641
214;17120.0;11.0;1996.0;15.0;0.0201135408133;0.00555014144629;0.0655892714858;0.918260037899;0.273297786713;0.336969465017;0.611402750015;0.0485178939998;0.298948019743;0.000423170626163;0.0;1.02503991127;0.156241074204
215;17150.0;12.0;1996.0;15.0;0.00599888851866;0.0227262564003;0.0556326471269;0.113087750971;0.144702926278;0.120608866215;0.116904988885;0.00738632958382;0.0335409455001;0.172622740269;0.0356949418783;0.112846389413;0.0297595579177
216;17181.0;1.0;1997.0;15.0;0.13603541255;0.419616550207;0.576497137547;1.338108778;0.551975488663;0.949790239334;1.6212682724;3.07913708687;1.38397264481;0.0303606744856;0.00479142041877;0.957927465439;1.39278626442
217;17212.0;2.0;1997.0;15.0;0.968712449074;4.22711849213;1.79380726814;1.78298151493;2.58968305588;5.54360437393;2.00663304329;3.08803677559;3.07471561432;0.732200801373;0.0;0.00205658469349;6.96772861481
218;17240.0;3.0;1997.0;15.0;11.356836319;12.584851265;9.70760345459;7.73917722702;10.68491745;12.9035720825;8.85443305969;11.7184228897;7.74533987045;5.23738098145;9.29095935822;10.3858976364;9.47926616669
219;17271.0;4.0;1997.0;15.0;8.17540740967;12.6736679077;8.70133113861;9.03726387024;6.75246810913;7.65337705612;8.7867565155;8.51094341278;12.3396425247;7.02780532837;7.8163819313;8.62837409973;10.8991031647
220;17301.0;5.0;1997.0;15.0;12.0800447464;10.8629684448;12.4675312042;12.7008047104;10.5327310562;11.2209024429;13.3414258957;10.9928627014;9.5425157547;12.4319896698;14.8189373016;10.7880764008;12.9003505707
221;17332.0;6.0;1997.0;15.0;43.1065597534;33.6069450378;30.2093391418;17.6360778809;12.37246418;12.6386461258;17.6504001617;46.2441139221;14.2368116379;19.0658988953;27.5313110352;22.0182590485;15.4229488373
222;17362.0;7.0;1997.0;15.0;22.9762802124;14.3262891769;17.2772750854;7.92447662354;6.32655572891;8.1913766861;9.04869365692;24.8788757324;8.77457809448;17.2391376495;15.4048080444;6.22927427292;11.0716314316
223;17393.0;8.0;1997.0;15.0;25.4001655579;15.002532959;31.4407787323;6.31313323975;6.53370809555;10.2694597244;6.22960090637;53.9251823425;10.4038152695;53.5024757385;33.3545875549;5.8799829483;13.4006052017
224;17424.0;9.0;1997.0;15.0;20.2487411499;14.6186504364;16.0687141418;11.6354112625;5.40101861954;7.01872348785;10.3941059113;18.9183177948;10.9922866821;19.7919750214;13.3547325134;8.92842006683;8.79496097565
225;17454.0;10.0;1997.0;15.0;10.9347648621;11.3364953995;8.98724746704;11.0687475204;9.78783798218;10.1307134628;11.5877151489;10.59283638;11.2675771713;7.119784832;5.17871761322;11.3750915527;11.8044166565
226;17485.0;11.0;1997.0;15.0;0.364422053099;3.03313493729;1.33476758003;5.69256448746;3.21851277351;2.51063871384;3.76005578041;1.33074843884;3.689909935;1.27858638763;0.00269389571622;2.40758299828;2.96242427826
227;17515.0;12.0;1997.0;15.0;0.0173519346863;4.36525392532;1.42614042759;3.2956776619;3.86715745926;4.87687730789;2.53989863396;0.160337731242;8.74343490601;0.000102702862932;0.0;1.72229719162;8.01912307739
228;17546.0;1.0;1998.0;15.0;1.71779453754;4.97442436218;1.53345584869;1.49336075783;3.02838611603;1.65899837017;2.57916259766;2.05266618729;1.04117465019;0.54877281189;0.00835500843823;5.03558540344;0.684039950371
229;17577.0;2.0;1998.0;15.0;7.43484544754;7.20429897308;3.38426661491;2.87458086014;3.58212518692;4.38641166687;1.75435841084;2.87295174599;2.28878617287;0.367315500975;0.0310014095157;1.34009206295;4.20247220993
230;17605.0;3.0;1998.0;15.0;6.50233364105;6.38176441193;3.04302978516;1.38238143921;1.14526426792;2.30536961555;0.820019602776;5.25869178772;1.15186393261;0.335195839405;0.0922522470355;0.545220732689;2.00729084015
231;17636.0;4.0;1998.0;15.0;7.08734941483;13.3174877167;7.79260158539;7.54770994186;6.3014383316;9.11329269409;7.64108037949;8.7057800293;6.27081823349;4.5126490593;7.10909080505;8.80980968475;11.6380081177
232;17666.0;5.0;1998.0;15.0;15.8404960632;8.81082248688;16.846786499;11.7008495331;11.3516130447;13.6122903824;10.2106876373;14.3793935776;7.71065425873;18.9657554626;25.323589325;9.22147941589;12.2625303268
233;17697.0;6.0;1998.0;15.0;18.5027332306;13.8901634216;16.214925766;9.83628177643;9.07015132904;10.4048700333;9.38956737518;17.9269256592;7.87270736694;15.7396326065;19.0363025665;9.94087028503;11.2962589264
234;17727.0;7.0;1998.0;15.0;17.4557743073;9.96647548676;17.4700717926;3.52755308151;3.40343284607;6.26504898071;2.69751286507;19.3353939056;6.11166143417;23.6153049469;23.4510326385;1.73387992382;8.92523765564
235;17758.0;8.0;1998.0;15.0;45.2567481995;27.770734787;40.7061729431;7.00363683701;7.44750356674;10.6416788101;8.53579807281;29.5354728699;11.9218597412;48.1365852356;60.6816520691;4.67168045044;18.3914794922
236;17789.0;9.0;1998.0;15.0;17.6920566559;21.476518631;24.3203601837;6.64855146408;5.2441649437;11.0017051697;5.59635066986;20.5577125549;14.3520307541;43.0092124939;27.184387207;3.67128062248;19.2876052856
237;17819.0;10.0;1998.0;15.0;10.9217710495;12.9760112762;9.04803943634;10.1568069458;9.12158203125;9.36200809479;10.60617733;12.1351079941;10.956489563;8.85697174072;2.8589193821;9.74821376801;11.7568588257
238;17850.0;11.0;1998.0;15.0;0.0182067044079;1.37649726868;0.596854388714;2.66579866409;3.35519146919;2.55238342285;3.27340340614;0.0487049929798;2.90845823288;0.000201119109988;0.0;3.55666017532;2.44657492638
239;17880.0;12.0;1998.0;15.0;1.15743339062;1.13368690014;0.64718234539;0.761204779148;0.1667996943;0.288460701704;0.317632198334;1.26366686821;2.30484962463;0.019169293344;0.0099939648062;0.184212908149;0.734250485897
240;17911.0;1.0;1999.0;15.0;0.0173339247704;1.06743335724;0.375971883535;0.783135890961;1.62196588516;1.34784448147;0.845335781574;0.18257021904;3.01510429382;0.0084821395576;0.0;0.182025313377;1.19915103912
241;17942.0;2.0;1999.0;15.0;8.36620140076;7.20955705643;6.37799453735;5.50031709671;3.63124847412;4.76295948029;6.04216098785;18.7006397247;4.13996553421;5.41786575317;0.239824861288;7.21174526215;5.95122909546
242;17970.0;3.0;1999.0;15.0;3.69546866417;5.09848499298;3.33420276642;5.63459157944;5.96598911285;6.32473659515;5.95661211014;4.25339651108;5.36833572388;3.04347801208;0.388648629189;3.57252883911;5.1940536499
243;18001.0;4.0;1999.0;15.0;7.81810283661;31.1038837433;12.3125801086;23.9403686523;10.8175439835;15.5017881393;19.8039646149;9.34193897247;34.0945053101;6.30970621109;6.80336380005;11.812497139;20.6148414612
244;18031.0;5.0;1999.0;15.0;12.417424202;10.8670215607;11.4013738632;10.3942937851;7.15168046951;8.4287147522;10.3827486038;9.28289318085;7.68167114258;7.51859951019;16.4357814789;8.18670463562;9.25259780884
245;18062.0;6.0;1999.0;15.0;18.1577091217;31.3138046265;26.3928928375;68.5055389404;71.4959182739;86.1769256592;74.6476593018;15.3837080002;76.6285247803;12.0039825439;13.1446552277;38.121887207;87.7072067261
246;18092.0;7.0;1999.0;15.0;71.4186553955;30.1208992004;44.527923584;30.1163482666;18.291097641;23.0609512329;30.1902885437;48.4506340027;28.9128131866;43.9699211121;35.9778671265;23.799741745;30.3976325989
247;18123.0;8.0;1999.0;15.0;24.0667743683;23.7160148621;26.1349906921;10.6837234497;11.5938873291;16.6900596619;11.0478725433;25.5250301361;17.7637672424;27.7478408813;35.0654563904;5.49881982803;20.6660919189
248;18154.0;9.0;1999.0;15.0;31.8651828766;9.37516403198;37.2145347595;6.10137987137;6.08253145218;7.76282453537;6.06507921219;17.0465068817;6.41845083237;38.3400726318;85.2881393433;4.42958211899;9.03187561035
249;18184.0;10.0;1999.0;15.0;24.3961315155;55.0201644897;26.9020118713;27.8366069794;26.9291152954;34.832157135;29.7929611206;28.3387756348;36.9709777832;12.4536495209;18.9995708466;17.0595378876;46.2700576782
250;18215.0;11.0;1999.0;15.0;0.647877037525;1.09060680866;0.835804581642;4.47699165344;2.26500105858;2.85156965256;3.42581009865;0.772833943367;2.89568662643;0.0467557497323;0.0326014719903;2.6202378273;3.17500019073
251;18245.0;12.0;1999.0;15.0;0.00117544515524;0.031960606575;0.0751572921872;1.73063874245;0.00746966293082;0.0360011979938;0.685472607613;0.0198158342391;0.907763421535;1.02635704025e-05;0.0;0.920993804932;0.086993843317
252;18276.0;1.0;2000.0;15.0;1.69011640549;1.29349935055;0.958869755268;0.393525928259;0.217713624239;0.565585672855;0.390391886234;1.24164485931;0.212425231934;1.0953322649;0.153819128871;0.202769190073;0.664274394512
253;18307.0;2.0;2000.0;15.0;0.00345771550201;0.167282253504;0.131200149655;0.714017450809;1.47433102131;1.2206132412;0.744962215424;0.0408482030034;0.469083338976;0.0;0.0;0.329656273127;0.336371213198
254;18336.0;3.0;2000.0;15.0;6.06634473801;14.1022758484;4.95172452927;7.50492143631;4.31699800491;5.38807201385;7.68956375122;7.24351119995;10.1354131699;0.20941825211;0.0493983887136;6.3940410614;8.58073425293
255;18367.0;4.0;2000.0;15.0;6.75994491577;10.630865097;7.00788450241;6.82278680801;4.52524185181;7.02446126938;4.43016004562;9.25728225708;8.43354415894;5.2253909111;5.5342001915;3.0093331337;9.42934131622
256;18397.0;5.0;2000.0;15.0;10.4865083694;11.1371097565;9.92293071747;13.5976285934;14.8246107101;11.4235954285;14.4571304321;10.1905002594;9.05052471161;8.48518371582;8.32289791107;21.3304004669;10.8929643631
257;18428.0;6.0;2000.0;15.0;38.3065834045;39.3389816284;47.543800354;25.021024704;13.4627103806;21.1959114075;20.0683059692;31.0492687225;29.8233757019;48.2005271912;83.1030807495;12.5140705109;31.0537319183
258;18458.0;7.0;2000.0;15.0;28.0439929962;18.6697044373;25.7100124359;9.53974151611;5.95470571518;10.9116020203;8.46858024597;25.9138793945;18.5217533112;20.9807167053;38.9731674194;5.08552455902;19.352514267
259;18489.0;8.0;2000.0;15.0;25.5983085632;20.4873962402;32.0475845337;7.48075485229;6.921667099;8.92975616455;7.02141523361;22.7490100861;8.8557510376;37.4341545105;59.3569831848;4.18878746033;11.8867759705
260;18520.0;9.0;2000.0;15.0;17.5722522736;12.3998146057;15.7391471863;10.3944664001;4.84006977081;7.26552963257;6.93339252472;14.946308136;10.5811471939;19.3186759949;17.9971027374;5.64272356033;9.82918930054
261;18550.0;10.0;2000.0;15.0;8.09109687805;6.25142765045;6.88342475891;5.77861690521;5.06361579895;6.80889415741;6.39150714874;7.75114774704;5.67838716507;8.15045547485;5.11696386337;3.75524616241;6.62236690521
262;18581.0;11.0;2000.0;15.0;0.109892465174;0.0160337947309;0.300559580326;3.14515209198;2.61922645569;1.82594382763;2.98630595207;0.185224831104;1.16955912113;0.000107071879029;0.0;2.79305529594;0.489534854889
263;18611.0;12.0;2000.0;15.0;0.00332124205306;0.0413163639605;0.0496610999107;0.206495955586;0.209917217493;0.226814642549;0.108885295689;0.182126045227;0.205461338162;0.0;0.0;0.138260409236;0.145965352654
264;18642.0;1.0;2001.0;15.0;0.195195704699;1.23405075073;0.443044900894;0.483870267868;0.00961261708289;0.00933362729847;0.152864485979;2.2871556282;0.210703596473;0.0;0.0;0.211406171322;0.0377079807222
265;18673.0;2.0;2001.0;15.0;0.116407178342;1.45854341984;0.345654189587;1.05378198624;0.851698160172;0.811495661736;0.857263684273;0.158010855317;0.958136856556;0.0;0.0;0.287768751383;0.777390301228
266;18701.0;3.0;2001.0;15.0;0.449630111456;2.41906476021;1.04653894901;2.61779665947;3.27645730972;3.82540631294;2.13161635399;0.827390730381;2.69660019875;0.293185830116;0.419649004936;1.63599979877;2.7946844101
267;18732.0;4.0;2001.0;15.0;5.06939077377;10.8566131592;6.19772815704;10.3543767929;12.3046760559;11.9365339279;11.08045578;4.83400011063;12.003153801;2.92575263977;4.01497030258;8.5808506012;13.690779686
268;18762.0;5.0;2001.0;15.0;9.45355987549;11.3358211517;10.109667778;12.0224113464;10.5130586624;10.9799203873;10.820514679;8.42586421967;8.62774753571;8.61309814453;11.6136512756;11.8208932877;11.2306394577
269;18793.0;6.0;2001.0;15.0;13.5402097702;10.906170845;12.6402683258;11.713558197;11.9531669617;10.8913908005;12.2206897736;12.2877035141;10.0431118011;11.4142618179;15.0960979462;12.1651926041;9.42537784576
270;18823.0;7.0;2001.0;15.0;12.0274877548;5.7965388298;15.193526268;9.61965656281;2.46565794945;3.9712703228;4.52996110916;13.4538784027;6.3300075531;21.6832237244;25.3304843903;5.1120018959;6.71201944351
271;18854.0;8.0;2001.0;15.0;44.6613197327;9.79780960083;29.4860458374;1.80918335915;2.20358705521;3.68439388275;1.87416696548;24.7397575378;2.55818939209;25.8504066467;47.4679450989;0.78664290905;4.49585056305
272;18885.0;9.0;2001.0;15.0;24.639623642;18.5298309326;22.3843173981;9.20053386688;8.00130081177;11.5163192749;9.53971099854;21.8396205902;13.6679086685;28.114572525;24.7809753418;6.29516124725;14.8795461655
273;18915.0;10.0;2001.0;15.0;6.81613683701;4.23621416092;4.48154783249;5.00471258163;5.23401832581;6.58149576187;5.87256002426;3.09916758537;5.18688011169;1.65757787228;4.38417720795;3.88151502609;5.84008693695
274;18946.0;11.0;2001.0;15.0;0.0107817994431;0.74811732769;0.292768508196;1.76809823513;1.20964097977;0.826501011848;1.40364933014;0.0205913856626;2.26149487495;7.27118895156e-05;0.0;1.32377624512;0.876845955849
275;18976.0;12.0;2001.0;15.0;0.0;0.022116240114;0.0354974456131;0.409123420715;0.27353477478;0.219304338098;0.169556036592;0.0170489083976;0.167241275311;0.0341760106385;0.0;0.301218360662;0.0352077521384
276;19007.0;1.0;2002.0;15.0;0.254895627499;5.40144777298;1.35961854458;3.69038248062;2.57659626007;3.68519711494;5.06242752075;0.602328717709;3.00199961662;4.82119730805e-06;0.0;3.56896924973;4.91569423676
277;19038.0;2.0;2002.0;15.0;0.00792352575809;0.180090129375;0.17658880353;0.887797772884;1.36909973621;1.40821242332;0.48831474781;0.0313609801233;1.59554541111;0.0;0.0;0.33116415143;0.690742731094
278;19066.0;3.0;2002.0;15.0;12.1638965607;9.50887107849;9.86872673035;4.79015016556;3.8976817131;6.15753221512;3.93347263336;13.6921415329;7.96652698517;14.9652013779;4.43753480911;2.56647729874;8.34715366364
279;19097.0;4.0;2002.0;15.0;6.55933618546;10.6150636673;8.21982288361;17.2853050232;11.365530014;13.2580823898;15.3890008926;10.399887085;17.4486541748;9.34066581726;2.65082597733;9.61967563629;13.2667779922
280;19127.0;5.0;2002.0;15.0;12.4939002991;14.8728628159;15.532576561;7.00170278549;7.2372713089;11.0804414749;6.69629764557;16.652677536;8.1851978302;15.8147192001;22.0007095337;5.91865825653;12.8515224457
281;19158.0;6.0;2002.0;15.0;32.7655792236;49.4375534058;30.4256572723;32.2910003662;17.5754070282;27.6140003204;29.218082428;28.8633499146;45.9532432556;15.6585464478;27.6150245667;22.1899471283;41.8579483032
282;19188.0;7.0;2002.0;15.0;15.1319818497;18.227268219;22.311920166;42.5493545532;33.2429046631;37.7744026184;40.0847625732;18.6395435333;42.0492324829;18.6818199158;25.8478088379;17.6440582275;35.3799934387
283;19219.0;8.0;2002.0;15.0;25.4803390503;22.8749752045;20.6017723083;3.21566295624;2.14064025879;7.9352555275;3.32666754723;23.2055091858;6.18155097961;20.1042404175;22.4919109344;1.40356624126;13.1845626831
284;19250.0;9.0;2002.0;15.0;51.4070320129;13.5936107635;27.9974784851;5.99087142944;4.67766523361;6.78967237473;5.42159891129;42.7588844299;7.22464132309;26.9917068481;21.2741718292;3.5250248909;8.17123317719
285;19280.0;10.0;2002.0;15.0;8.05151367188;11.528550148;10.967124939;9.86234474182;9.22117710114;10.1986875534;11.1972875595;12.0880680084;10.0375585556;18.9106216431;7.03481197357;8.72002792358;10.9602336884
286;19311.0;11.0;2002.0;15.0;0.293091088533;2.10042452812;1.07525980473;4.08830165863;6.68322229385;6.56757926941;4.93855476379;0.587660729885;2.86665892601;0.00308654922992;0.000454900960904;3.86646080017;4.0570640564
287;19341.0;12.0;2002.0;15.0;0.0015272841556;0.0345526486635;0.0956743359566;0.341843098402;0.421532183886;1.47844004631;0.108578398824;0.0143729960546;0.163501232862;0.0307289641351;0.012609119527;0.0722095519304;0.664022922516
288;19372.0;1.0;2003.0;15.0;2.11037445068;0.979377627373;1.10302364826;3.49274754524;2.96354842186;2.37170052528;3.46698665619;1.40278196335;2.12247395515;0.0626181960106;0.0;4.16084384918;1.46757030487
289;19403.0;2.0;2003.0;15.0;5.41426467896;3.19562482834;3.29199051857;3.3776538372;3.57327580452;3.78993105888;3.06717371941;3.03517079353;2.99113965034;2.84880328178;1.80295479298;2.86260986328;2.68461680412
290;19431.0;3.0;2003.0;15.0;3.17731547356;1.29758310318;4.39843273163;1.95623111725;3.35174155235;2.10807871819;3.08220148087;3.08571600914;1.87071824074;7.3785815239;6.90999507904;2.02686285973;1.3739002943
291;19462.0;4.0;2003.0;15.0;20.7147464752;24.1916885376;20.3030567169;15.1062574387;17.631401062;21.5520420074;17.8822021484;41.9865913391;16.716293335;19.3501033783;10.0318250656;17.6373291016;21.3085384369
292;19492.0;5.0;2003.0;15.0;9.31861305237;10.9200286865;18.4032936096;7.49688243866;6.19932889938;4.90059995651;6.93041849136;9.7356595993;7.75213766098;22.342300415;39.7516937256;6.53525495529;6.47447443008
293;19523.0;6.0;2003.0;15.0;69.3241653442;21.2007522583;39.5879096985;15.643032074;14.8388462067;13.2403287888;15.4143342972;37.9224700928;15.4710617065;45.1461105347;32.8303337097;19.5249977112;15.3364973068
294;19553.0;7.0;2003.0;15.0;32.591632843;13.5064916611;37.2669754028;5.97480821609;7.797103405;12.4311876297;5.06117725372;18.283498764;7.14401531219;42.5469970703;77.1527481079;1.67708599567;12.8498716354
295;19584.0;8.0;2003.0;15.0;24.545217514;22.7567195892;25.9106998444;5.89036989212;3.24506759644;7.5031003952;4.60626173019;26.3466720581;19.9354133606;25.8170890808;38.6392555237;1.18953979015;16.2390480042
296;19615.0;9.0;2003.0;15.0;28.3510169983;21.9129295349;26.1469306946;12.0750904083;7.63860368729;11.7773427963;11.2096290588;24.0331325531;16.2890968323;38.0546112061;25.9280929565;8.65313243866;17.6302089691
297;19645.0;10.0;2003.0;15.0;28.0694618225;15.1166505814;14.7557249069;19.7884292603;8.84723854065;9.36793231964;19.4906234741;28.1886749268;14.7332048416;6.74899864197;2.78617119789;22.2081298828;11.5257921219
298;19676.0;11.0;2003.0;15.0;1.92681276798;4.24378395081;2.36449551582;4.31659173965;5.12177467346;5.65957641602;4.52647829056;2.30060529709;3.02983307838;2.96291732788;0.0653205960989;2.48074817657;4.17665529251
299;19706.0;12.0;2003.0;15.0;0.0;0.0562151744962;0.102959893644;0.475152254105;0.588192880154;0.486793756485;0.446565359831;0.0227526798844;0.757049262524;0.147588729858;0.0;0.118382245302;0.212894514203
300;19737.0;1.0;2004.0;15.0;25.9489517212;12.2550477982;14.2061624527;6.70159959793;3.815346241;6.2641544342;4.59990262985;18.5264511108;10.8171787262;17.3045463562;4.10185575485;2.57189202309;8.66999340057
301;19768.0;2.0;2004.0;15.0;0.580486059189;3.23082232475;1.30539226532;2.05419373512;2.18215155602;2.31154370308;2.19475436211;1.30959224701;2.02227735519;1.40713369846;0.223458409309;2.69023394585;2.6541891098
302;19797.0;3.0;2004.0;15.0;5.34046411514;5.28253507614;3.51022028923;6.44338274002;6.58463430405;4.73497772217;5.37084817886;2.42701554298;4.63327264786;0.693008780479;2.45678377151;5.16364622116;4.56797981262
303;19828.0;4.0;2004.0;15.0;7.2213602066;12.6459751129;7.93562507629;7.31086397171;6.22627782822;7.36474895477;5.66600704193;9.10526752472;9.25320148468;6.72813558578;6.61127614975;6.6318655014;8.8478679657
304;19858.0;5.0;2004.0;15.0;29.4904003143;46.5398406982;30.3695354462;24.6113548279;19.1508579254;25.5667533875;21.9978923798;32.2134513855;28.2754917145;30.7066936493;21.3066673279;40.8160972595;43.1885795593
305;19889.0;6.0;2004.0;15.0;14.0727071762;9.78328418732;13.131644249;12.8651533127;8.98767375946;10.205616951;11.5994853973;12.4025907516;11.0056858063;13.3835315704;15.5218715668;11.2490110397;11.3029613495
306;19919.0;7.0;2004.0;15.0;47.1007652283;52.6097373962;42.2314300537;10.4940099716;10.0308876038;19.9123210907;9.0630273819;58.7982673645;11.5856103897;37.3084182739;45.4648132324;6.49261522293;25.3816127777
307;19950.0;8.0;2004.0;15.0;21.7650871277;12.2360010147;26.0868644714;4.2479391098;5.90295267105;9.4850730896;5.64987182617;22.5856285095;6.3843793869;41.6959152222;38.8529243469;3.43497276306;10.3902397156
308;19981.0;9.0;2004.0;15.0;34.5203971863;38.2271156311;26.7968215942;23.1415634155;24.6823921204;37.6878242493;22.9482593536;24.2652893066;33.8444633484;18.5664272308;14.8372268677;19.8179702759;50.8691062927
309;20011.0;10.0;2004.0;15.0;4.43378257751;9.53124427795;4.92877483368;11.0334711075;11.1525211334;9.08292007446;13.3788223267;4.56613206863;8.82865524292;2.21302175522;1.70536899567;12.8815860748;9.14438343048
310;20042.0;11.0;2004.0;15.0;4.85083436966;2.54762291908;3.72640681267;1.70832335949;1.90346193314;1.81249701977;1.95905947685;6.75383472443;1.37142050266;7.11407566071;0.644406914711;2.30504345894;1.41004443169
311;20072.0;12.0;2004.0;15.0;0.204728335142;0.306561440229;0.109544940293;0.0338433794677;0.151811331511;0.108905315399;0.0523268841207;0.119675032794;0.00743256090209;0.0387862324715;0.00669231219217;0.0497273951769;0.0321268551052
312;20103.0;1.0;2005.0;15.0;0.155258849263;0.0776595845819;0.532766520977;0.130138382316;0.0390372537076;0.0564384013414;0.000224762916332;1.33161616325;0.045567560941;1.7407245636;0.120154060423;0.0;0.0640231221914
313;20134.0;2.0;2005.0;15.0;1.12047016621;4.07510375977;3.81644797325;2.73154449463;2.06365060806;2.64872264862;2.27941918373;5.43554019928;2.29233074188;11.1018362045;0.437621176243;1.47368979454;4.30450391769
314;20162.0;3.0;2005.0;15.0;6.53366470337;5.39375209808;6.85680818558;17.6984939575;16.1913070679;14.1131057739;17.6970882416;7.95716047287;15.6006364822;7.18191480637;2.38770461082;12.0169124603;10.4570007324
315;20193.0;4.0;2005.0;15.0;6.77595710754;8.27938270569;5.9067773819;8.22084522247;5.33855819702;6.93005800247;6.667137146;5.82171964645;9.26379108429;5.08214473724;3.26215696335;5.51282262802;8.54268360138
316;20223.0;5.0;2005.0;15.0;15.6720504761;10.5683784485;14.8901281357;15.2205543518;10.9518346786;12.147149086;14.2645549774;12.2224464417;13.4908695221;15.722111702;18.13646698;14.2486286163;13.265625
317;20254.0;6.0;2005.0;15.0;11.5737075806;16.6872787476;14.6792221069;12.0185070038;7.26186466217;10.737496376;11.384180069;17.4993171692;11.4159812927;13.688835144;17.6461391449;12.8817052841;16.1049385071
318;20284.0;7.0;2005.0;15.0;20.0978660583;9.99765014648;21.6697216034;7.92127609253;6.16218185425;6.47683048248;6.98818826675;19.9322090149;5.78095197678;24.2304821014;37.9098892212;9.91343784332;8.933552742
319;20315.0;8.0;2005.0;15.0;23.0268287659;10.9499998093;29.6218509674;8.38641357422;8.63711261749;9.65192699432;8.38358020782;10.7654523849;8.02645683289;38.4542236328;61.1558876038;5.59558534622;9.51924610138
320;20346.0;9.0;2005.0;15.0;15.5188465118;10.3750171661;14.229642868;9.40027999878;9.19238376617;13.5881414413;7.03953695297;15.6216974258;11.394443512;16.775188446;14.6931066513;3.87159633636;12.4365510941
321;20376.0;10.0;2005.0;15.0;8.65852546692;4.45771026611;7.25091171265;7.10589122772;6.65451335907;6.9727230072;7.45266103745;7.51927804947;6.36298179626;7.56440448761;7.31897544861;6.05579090118;6.58660984039
322;20407.0;11.0;2005.0;15.0;0.737686872482;2.35788846016;1.00764274597;3.17107844353;3.95890784264;3.95306134224;3.50959038734;1.29483175278;1.54595518112;0.0;0.0;2.6370882988;2.25761556625
323;20437.0;12.0;2005.0;15.0;0.00515551352873;0.30398735404;0.12979260087;0.748886287212;0.654237985611;0.657785236835;0.554900407791;0.0249465554953;0.514868795872;0.0259983781725;0.0;0.407746255398;0.464689552784
324;20468.0;1.0;2006.0;15.0;0.710105001926;2.53716874123;0.791340887547;0.501838982105;0.62886852026;1.20570671558;0.44948592782;0.968621611595;1.3445032835;0.0599557869136;0.208608880639;0.0107091749087;1.72457909584
325;20499.0;2.0;2006.0;15.0;2.82773685455;0.444702893496;1.92375671864;0.174499034882;0.486706823111;0.531830489635;0.208092868328;2.65345740318;0.395621925592;4.46287870407;0.525696396828;0.00166559580248;0.452331990004
326;20527.0;3.0;2006.0;15.0;0.234547391534;3.65576410294;1.68345093727;5.60467672348;8.35045146942;8.83632946014;5.94441413879;0.670206725597;5.46025943756;0.0501775257289;0.228413060308;4.57202148438;7.79842853546
327;20558.0;4.0;2006.0;15.0;4.97323417664;7.44109725952;4.7964053154;3.83660769463;3.55557608604;4.42482185364;3.46847033501;2.91578888893;7.1968793869;2.66847276688;5.48435688019;3.0973470211;6.24543809891
328;20588.0;5.0;2006.0;15.0;24.305431366;19.485332489;19.9259471893;19.9566383362;16.3003425598;18.1384773254;15.3657989502;21.350725174;19.7405872345;19.7577095032;16.1057090759;15.06690979;21.0088005066
329;20619.0;6.0;2006.0;15.0;15.7165050507;10.9092054367;18.55235672;14.2940998077;10.4160223007;12.8990821838;14.0303297043;8.88288021088;12.2034873962;12.2265758514;37.9355735779;16.2895812988;15.9396400452
330;20649.0;7.0;2006.0;15.0;9.87315177917;7.59362792969;10.8451366425;6.43323707581;5.01337575912;4.9539847374;6.04698610306;7.47063350677;3.86712598801;9.4536523819;19.9536895752;8.90965175629;4.57997512817
331;20680.0;8.0;2006.0;15.0;14.134979248;12.6843070984;17.9565162659;4.65030860901;4.5917596817;8.81612110138;3.99978256226;17.601940155;7.88084745407;21.0113830566;29.0591373444;1.01855003834;11.0455636978
332;20711.0;9.0;2006.0;15.0;62.2980270386;31.0660495758;53.9621620178;21.3018722534;16.8159198761;21.1974487305;20.4172458649;47.2484130859;30.7843475342;66.1745605469;70.7495422363;13.0582237244;31.200712204
333;20741.0;10.0;2006.0;15.0;11.5885400772;8.44714450836;8.8229970932;9.32504844666;7.42789316177;8.34411907196;8.3824968338;9.85534286499;9.82645511627;8.30127334595;6.20389699936;7.44560480118;9.70341396332
334;20772.0;11.0;2006.0;15.0;2.77982902527;3.34562516212;1.85914981365;5.09649848938;2.94670701027;3.77181959152;3.70193839073;0.462002009153;5.46861886978;3.49264191755e-05;0.655775249004;2.47476911545;4.56984424591
335;20802.0;12.0;2006.0;15.0;0.0113527057692;0.0558283887804;0.0190556738526;0.0;0.206029012799;0.0866875350475;0.00671045202762;0.0136526245624;0.0687031671405;0.0065473630093;0.0;0.0;0.000395959999878
336;20833.0;1.0;2007.0;15.0;0.0878457725048;1.64884650707;0.307423472404;0.0;0.0;0.596356987953;0.0;0.202081739902;0.363370060921;0.0;0.0;0.0;0.939538538456
337;20864.0;2.0;2007.0;15.0;5.95435905457;3.71922564507;2.50576210022;0.469333261251;1.37785184383;2.26636123657;0.862594008446;3.19036364555;1.03781712055;0.644703745842;0.283337712288;0.593050718307;2.30069184303
338;20892.0;3.0;2007.0;15.0;1.12027645111;3.45430898666;5.11411905289;5.32433319092;5.45574903488;5.85887145996;5.80858707428;10.0731506348;4.01519393921;12.4661808014;1.96085345745;5.92639064789;4.70634746552
339;20923.0;4.0;2007.0;15.0;11.1043186188;27.6505317688;10.9818191528;4.56341457367;6.53101825714;9.05664920807;5.07230138779;15.3429775238;7.47382688522;8.00089359283;4.0873670578;5.28874826431;11.5266857147
340;20953.0;5.0;2007.0;15.0;25.0473747253;18.480638504;19.682472229;20.1173763275;13.3497533798;16.4668216705;16.1654529572;15.0666599274;19.4267272949;16.2061672211;20.7247409821;17.7231025696;20.8826828003
341;20984.0;6.0;2007.0;15.0;19.5421543121;14.130610466;38.6412353516;19.2530155182;13.6100082397;10.7989559174;18.6013374329;12.0700120926;14.831032753;82.5380477905;62.8759384155;23.3542289734;11.4758987427
342;21014.0;7.0;2007.0;15.0;11.5297002792;24.9820709229;19.748128891;30.3127555847;20.557050705;22.2977333069;26.9474773407;29.3968448639;21.2655620575;17.6669139862;18.7746105194;40.4976844788;27.3846874237
343;21045.0;8.0;2007.0;15.0;38.1728401184;27.5589065552;38.1606826782;6.78497171402;8.34474849701;12.4391088486;6.75716114044;41.3853034973;13.5009479523;59.0567588806;43.2746315002;3.83737802505;16.3092002869
344;21076.0;9.0;2007.0;15.0;21.4536418915;23.0004997253;21.3150653839;25.1649360657;15.6876182556;21.8275413513;21.0642642975;20.7963104248;29.4677410126;20.8868694305;19.5546627045;13.1862754822;24.4636268616
345;21106.0;10.0;2007.0;15.0;7.03190803528;6.98237609863;6.27503299713;19.4780311584;15.1606006622;11.7628736496;17.666727066;6.17615461349;11.7905960083;5.35931015015;1.08965039253;24.0837440491;10.8151721954
346;21137.0;11.0;2007.0;15.0;1.04727971554;1.46738111973;1.51256322861;4.94486188889;2.83040618896;2.17965054512;3.76954293251;0.637991786003;2.51104521751;2.42239737511;0.774623632431;6.24027919769;2.10799050331
347;21167.0;12.0;2007.0;15.0;1.21018505096;2.32592773438;1.33608174324;5.84732484818;3.44030165672;3.49210262299;5.21257734299;0.598364949226;3.76557779312;0.497407287359;0.247148185968;6.62501955032;2.68591165543
348;21198.0;1.0;2008.0;15.0;0.0787969008088;1.24864518642;0.511292159557;0.943711340427;5.90613698959;4.211332798;1.64246988297;0.185662746429;0.622595608234;0.0;0.0;1.64207708836;1.36843001842
349;21229.0;2.0;2008.0;15.0;0.860790967941;9.13373088837;1.77863991261;1.48343133926;1.43553256989;1.71742141247;1.23394966125;1.1421443224;5.07127904892;0.0;0.0;0.538038372993;2.81928801537
350;21258.0;3.0;2008.0;15.0;3.80101418495;3.64934921265;4.79250478745;6.20174121857;4.93729925156;5.76479101181;6.21751785278;13.0470933914;4.92816925049;5.91740751266;1.39233803749;4.94311475754;5.67531061172
351;21289.0;4.0;2008.0;15.0;10.7993602753;6.63106489182;8.5388917923;7.35573244095;5.2572388649;5.94269657135;6.50681686401;8.86950302124;8.08835983276;8.44486522675;8.55533218384;5.31219768524;6.30121278763
352;21319.0;5.0;2008.0;15.0;76.7013320923;20.2456455231;44.4152908325;23.3846302032;16.2303943634;13.926861763;21.3195781708;62.6685028076;19.6710090637;37.5954284668;41.3998947144;20.9372787476;13.5306911469
353;21350.0;6.0;2008.0;15.0;39.4008636475;25.3496570587;29.6955471039;37.8224411011;23.5659694672;17.0361652374;33.0645751953;31.053483963;21.382932663;27.5310077667;27.0466117859;61.8111724854;20.4038238525
354;21380.0;7.0;2008.0;15.0;30.7565994263;26.9507484436;35.3285140991;21.4047241211;12.5370645523;21.6151752472;17.0175056458;32.527633667;28.2950572968;45.007232666;45.1346282959;9.95744132996;32.4092140198
355;21411.0;8.0;2008.0;15.0;37.0417404175;17.0449104309;27.9556026459;4.56599807739;2.94271254539;5.54791355133;3.16564798355;40.6751327515;7.93473529816;37.7712249756;26.1546974182;1.01939117908;8.37107944489
356;21442.0;9.0;2008.0;15.0;22.3229198456;14.5699319839;20.1455917358;12.7572956085;8.61642169952;11.5355892181;11.2297134399;22.2383537292;14.1957387924;27.6558818817;19.3472423553;10.1858978271;13.7658443451
357;21472.0;10.0;2008.0;15.0;10.9119129181;7.77989435196;10.0074033737;8.41917324066;8.19366455078;7.25198030472;8.15050792694;14.9192581177;7.94128513336;10.6059656143;9.32785701752;7.52088260651;6.8863286972
358;21503.0;11.0;2008.0;15.0;0.550254046917;0.420333623886;0.792861640453;3.79647254944;1.3198158741;2.07706832886;2.48832702637;0.0;3.15978097916;0.0;0.945757985115;1.45854139328;3.18097043037
359;21533.0;12.0;2008.0;15.0;7.07682800293;2.90461039543;3.16617536545;1.75457441807;3.18555188179;3.1928601265;1.45395541191;4.14027833939;1.62496316433;1.23476600647;1.244571805;1.58146870136;1.99301552773
360;21564.0;1.0;2009.0;15.0;2.06348371506;16.0491542816;3.19427990913;0.877442836761;0.816276609898;2.41989779472;0.547950208187;3.59869551659;4.22213125229;0.0;0.0;0.0218607056886;4.75465583801
361;21595.0;2.0;2009.0;15.0;0.46871817112;3.50434446335;1.45760786533;1.86358392239;1.73736107349;3.31365084648;1.9393029213;2.5779030323;3.45994830132;0.898145854473;0.0841695144773;0.422042131424;4.96360111237
362;21623.0;3.0;2009.0;15.0;5.83024549484;4.99742364883;3.7473115921;2.78437542915;3.39858651161;3.56170773506;2.85933256149;2.91605782509;2.96498847008;1.264072299;3.77843809128;2.20871806145;3.12817049026
363;21654.0;4.0;2009.0;15.0;12.5882234573;19.4225158691;20.163318634;20.8099155426;23.5503139496;36.020942688;23.6130065918;52.4475059509;21.3336544037;28.4346218109;2.26664352417;13.6564311981;33.9274215698
364;21684.0;5.0;2009.0;15.0;18.9164619446;16.1179389954;11.8210344315;9.27189540863;10.076174736;10.9348449707;9.43016719818;11.3513908386;10.4912958145;6.12245321274;8.01280021667;8.70668697357;12.4419813156
365;21715.0;6.0;2009.0;15.0;74.179145813;15.9635925293;52.5642127991;27.462272644;16.1259860992;13.7746858597;25.5173816681;40.475982666;20.3124294281;68.498878479;65.9603805542;31.2688350677;14.3458976746
366;21745.0;7.0;2009.0;15.0;35.5962257385;20.3025779724;40.8162307739;24.5075302124;11.5995492935;13.3204517365;21.6366043091;43.1324234009;23.8209266663;71.1401672363;46.8193054199;22.7079792023;16.6330947876
367;21776.0;8.0;2009.0;15.0;26.3393058777;11.6203174591;21.4809894562;2.50217056274;4.58263969421;6.8798122406;3.10845804214;26.5960235596;4.49436378479;30.138677597;23.4588832855;1.6958514452;8.20348167419
368;21807.0;9.0;2009.0;15.0;47.4981918335;24.6829738617;41.9542655945;5.69164943695;5.30184793472;8.29521656036;5.12241601944;40.3461112976;8.82901382446;49.3828277588;62.709022522;2.55990624428;12.1463489532
369;21837.0;10.0;2009.0;15.0;32.80834198;7.68046617508;14.3052873611;8.62769126892;3.68186187744;5.43865585327;5.63032674789;14.5588359833;8.71254444122;8.83822345734;9.06439781189;3.83271384239;6.95496416092
370;21868.0;11.0;2009.0;15.0;5.47371768951;3.00488591194;5.495865345;4.75809907913;4.1384806633;3.73838686943;4.57098579407;9.71124744415;3.2665438652;10.8173494339;2.05907058716;5.06107759476;2.97081184387
371;21898.0;12.0;2009.0;15.0;1.54879617691;0.194543749094;0.558104157448;0.000843867834192;0.133049353957;0.0480846241117;0.00612888997421;1.07324111462;0.0334200449288;0.366709917784;0.0533035434783;0.00132871896494;0.000713263289072
372;21929.0;1.0;2010.0;15.0;0.0487710386515;0.579691052437;0.184017762542;0.812011301517;0.190935388207;0.439528465271;0.291043817997;0.116797320545;1.06654143333;0.0;0.0;0.24692389369;0.716015398502
373;21960.0;2.0;2010.0;15.0;0.717225313187;1.90648913383;1.11795437336;1.75783956051;3.37543010712;4.11647510529;1.66991651058;1.94285488129;2.59545946121;0.310811966658;0.078292787075;0.773409426212;3.94715285301
374;21988.0;3.0;2010.0;15.0;1.4375346899;9.86453056335;3.52581119537;9.31001853943;9.42286109924;10.2808008194;10.427649498;2.68167304993;8.96618652344;0.11514171958;0.961728096008;8.57501983643;10.7192564011
375;22019.0;4.0;2010.0;15.0;11.4404459;8.14731121063;7.86407089233;5.16085386276;5.43820905685;7.10375213623;4.72088813782;10.9188194275;7.03692770004;8.70267295837;3.05912280083;3.09116578102;8.42170619965
376;22049.0;5.0;2010.0;15.0;43.7118301392;28.8602371216;33.7997817993;29.9936351776;18.4321479797;22.0821590424;26.8753833771;54.5374450684;32.4730606079;25.8139190674;29.507314682;16.8678855896;25.1203689575
377;22080.0;6.0;2010.0;15.0;21.1915225983;8.05825710297;20.9934921265;47.8044281006;19.4924564362;10.9213733673;39.6880149841;15.1364374161;25.0145835876;21.2907581329;28.9006633759;67.2648468018;10.4709825516
378;22110.0;7.0;2010.0;15.0;18.4555397034;12.7411670685;19.509262085;25.8770141602;17.7463684082;15.5315475464;27.2898197174;15.5377388;13.3682193756;22.3531455994;23.8893260956;47.6415901184;18.3857688904
379;22141.0;8.0;2010.0;15.0;38.9977149963;26.4246997833;28.8952198029;12.79758358;10.4084339142;12.6036310196;10.0102958679;27.0256347656;22.6199645996;32.6898994446;27.3563842773;5.22666835785;17.4459228516
380;22172.0;9.0;2010.0;15.0;31.1583156586;21.2421379089;24.2376823425;32.3693389893;22.7844581604;24.1947097778;29.455198288;32.4448547363;21.7916927338;24.6038093567;14.1127185822;39.3913612366;26.0858535767
381;22202.0;10.0;2010.0;15.0;13.0967378616;10.1477327347;16.0594024658;13.1840524673;11.2988996506;9.36173820496;13.2968931198;8.24076843262;9.42628288269;18.9941101074;26.549030304;19.2530994415;9.841588974
382;22233.0;11.0;2010.0;15.0;2.15845561028;5.27494621277;3.22000098228;15.6299982071;16.7813663483;9.81549930573;14.6079139709;1.46808052063;7.29049634933;0.982604801655;0.58459854126;28.6396522522;7.4226193428
383;22263.0;12.0;2010.0;15.0;0.0720795542002;0.253829717636;0.300626426935;3.25460195541;1.5834274292;1.00202202797;2.30380105972;0.0106035713106;2.91353583336;0.0;0.0;2.78215932846;0.585022091866
384;22294.0;1.0;2011.0;15.0;0.0391003675759;0.453885406256;0.113084062934;0.335463434458;0.109689205885;0.109133690596;0.504618823528;0.100875601172;0.230909213424;0.00242102076299;0.0;1.14370596409;0.203394174576
385;22325.0;2.0;2011.0;15.0;7.9783244133;10.1868667603;7.94498634338;14.4104881287;12.6560726166;15.801235199;16.0242099762;4.72683954239;13.2733478546;5.43233919144;5.25233268738;13.791882515;17.1663093567
386;22353.0;3.0;2011.0;15.0;1.22633063793;3.98472213745;2.98924279213;0.887971878052;1.10265314579;1.96992397308;0.777742445469;5.03578472137;1.67779922485;5.68829631805;2.08583188057;0.176887646317;2.06761741638
387;22384.0;4.0;2011.0;15.0;10.1114854813;18.1730480194;9.92531490326;8.51070785522;12.152015686;13.7434272766;9.31663131714;6.63833141327;12.7357578278;9.14924240112;5.19260311127;8.01685428619;17.3731822968
388;22414.0;5.0;2011.0;15.0;14.7659759521;10.0762386322;14.4676389694;11.6820964813;11.2410326004;9.94376564026;12.1189203262;12.5860948563;10.2778501511;13.0691452026;20.9824810028;13.1085100174;9.75316143036
389;22445.0;6.0;2011.0;15.0;13.3687791824;21.5353240967;13.9419202805;14.1089601517;15.7345485687;15.1334667206;13.9785470963;13.4044160843;12.8118581772;14.5439996719;9.68720626831;16.140537262;15.7058286667
390;22475.0;7.0;2011.0;15.0;22.5079212189;18.1044540405;22.5839443207;16.9235572815;14.895614624;18.8516864777;14.7139368057;24.8935050964;15.5200147629;24.2460975647;25.6643753052;13.836107254;22.7251796722
391;22506.0;8.0;2011.0;15.0;16.7308177948;11.6090869904;19.4844989777;6.79533910751;4.00081634521;8.17395877838;5.34388113022;17.9583835602;9.86486530304;29.5879192352;26.5614624023;1.97927880287;10.5658473969
392;22537.0;9.0;2011.0;15.0;16.9024085999;15.0133132935;16.0409297943;10.6638755798;7.62020778656;9.93351745605;8.88388347626;17.9856548309;16.5954380035;21.6232452393;13.2555084229;4.45662498474;13.9454755783
393;22567.0;10.0;2011.0;15.0;13.4020013809;10.826423645;10.1271123886;22.184923172;14.260184288;10.9563407898;19.1941947937;9.88742256165;12.755405426;7.578145504;5.9412946701;31.4945030212;10.8127088547
394;22598.0;11.0;2011.0;15.0;0.0888790041208;0.257642477751;0.480368465185;4.30415630341;3.85721182823;3.25599575043;2.25290250778;0.0;4.01716756821;0.0;0.0;1.19921445847;1.7364256382
395;22628.0;12.0;2011.0;15.0;0.0;0.0314237736166;0.00863185990602;0.10448165983;0.0;0.0;0.0147205572575;0.0;0.117724344134;0.0;0.0;0.0499376654625;0.00161663605832
396;22659.0;1.0;2012.0;15.0;1.10816442966;2.11679577827;0.76941037178;0.351743936539;0.407547533512;1.03917610645;0.269338220358;1.02288997173;0.673281669617;0.160163849592;0.0903918519616;0.69238704443;1.10903990269
397;22690.0;2.0;2012.0;15.0;6.17718505859;3.50256323814;7.11702680588;4.30109214783;4.97822856903;4.46029949188;4.45618724823;10.6002225876;3.73982810974;12.53992939;6.11752223969;4.61508703232;3.78485703468
398;22719.0;3.0;2012.0;15.0;2.19658493996;2.28880405426;1.31736910343;3.22229814529;1.9314596653;2.3658554554;2.10918045044;1.00569653511;3.38763356209;0.199962854385;0.19752509892;1.40913653374;2.25479722023
399;22750.0;4.0;2012.0;15.0;8.18848419189;6.02809619904;7.20664978027;11.4656276703;7.28702926636;10.4449214935;10.143951416;11.0652351379;11.3154840469;8.06102561951;1.97422361374;8.21109199524;13.0991687775
400;22780.0;5.0;2012.0;15.0;21.4265003204;11.5999507904;19.8911266327;10.5985040665;11.4745769501;11.5407533646;11.6117200851;17.504322052;9.10020637512;19.4605197906;30.1650619507;10.248468399;10.8537855148
401;22811.0;6.0;2012.0;15.0;105.297531128;34.2523040771;67.2351837158;22.0515098572;12.8395214081;15.4918603897;18.8450698853;88.9215393066;24.4703922272;104.510643005;40.2729644775;16.7071456909;21.329082489
402;22841.0;7.0;2012.0;15.0;24.2150974274;15.4044036865;22.3778457642;7.38237047195;5.31352519989;8.65691375732;6.43420696259;14.7260942459;9.54957389832;21.9378166199;36.6040534973;4.48316431046;12.7789382935
403;22872.0;8.0;2012.0;15.0;18.4466228485;10.5341844559;18.3485469818;4.83080625534;6.81780385971;7.04690980911;3.92952823639;15.5084762573;6.48480987549;15.3181962967;34.1477584839;2.59447216988;6.53068065643
404;22903.0;9.0;2012.0;15.0;31.8071346283;20.4903583527;29.4062824249;32.2116203308;12.8388843536;16.6618919373;25.796792984;21.8661594391;38.5279159546;27.7158222198;39.2994728088;17.6299209595;24.8520278931
405;22933.0;10.0;2012.0;15.0;9.46724319458;8.15757083893;10.3161354065;12.7909240723;7.17284870148;8.67071247101;10.0832605362;12.0915851593;12.3290510178;15.8423147202;7.06301736832;9.25430297852;10.9127464294
406;22964.0;11.0;2012.0;15.0;1.26890051365;0.253790199757;1.40005099773;4.40134429932;1.97636699677;1.93516182899;3.52614355087;1.60736572742;2.31672358513;1.98481154442;0.864533543587;4.02736139297;1.95631825924
407;22994.0;12.0;2012.0;15.0;0.0466380678117;1.09666907787;0.63802665472;4.64107704163;1.88301491737;2.60365724564;1.79266655445;0.0307765323669;5.27252864838;0.046695869416;0.0;0.584736704826;3.38431763649
408;23025.0;1.0;2013.0;15.0;0.468219190836;1.39814662933;0.701657772064;4.73635816574;1.52631270885;1.35545325279;2.25437474251;0.304275423288;5.36040019989;0.0465514548123;0.0;2.00520730019;1.63603937626
409;23056.0;2.0;2013.0;15.0;1.20058369637;2.84446191788;2.4161157608;2.47495794296;2.04363298416;2.20655989647;2.62382411957;2.71862888336;2.5301027298;5.34297037125;0.965864121914;2.43980932236;2.11989927292
410;23084.0;3.0;2013.0;15.0;5.46416139603;11.6194658279;5.61469268799;7.24877357483;9.86408424377;10.9057893753;7.62626075745;5.88462018967;9.33765697479;4.33507013321;0.941148400307;6.08152961731;10.2796421051
411;23115.0;4.0;2013.0;15.0;10.850733757;9.65706539154;10.0849809647;9.1309709549;7.81486463547;9.23755264282;8.51018619537;10.0157194138;9.861743927;10.7977905273;9.4914932251;7.57003831863;10.0050497055
412;23145.0;5.0;2013.0;15.0;11.7556943893;22.3424549103;19.372253418;55.4665107727;39.6787338257;46.8363952637;54.6198883057;19.1826343536;56.6355361938;9.57060432434;12.1656589508;31.6203861237;52.3653717041
413;23176.0;6.0;2013.0;15.0;23.2601966858;15.1260948181;20.4651165009;7.52696323395;7.36688613892;9.03862953186;7.44290590286;21.2594661713;6.05356359482;26.1938724518;23.6299953461;8.11574745178;10.6489191055
414;23206.0;7.0;2013.0;15.0;14.5596284866;8.92649173737;13.1238174438;11.7709350586;4.92683839798;6.32160615921;7.0111284256;15.8224773407;10.9351902008;13.4693660736;15.5503616333;8.00695610046;9.64793872833
415;23237.0;8.0;2013.0;15.0;36.0336265564;14.7911367416;24.3338890076;1.61370325089;1.29215753078;3.56851506233;1.37371730804;16.57954216;5.11464166641;32.6064376831;28.1747550964;0.778779506683;6.51666212082
416;23268.0;9.0;2013.0;15.0;23.7981777191;16.3924846649;17.1750202179;17.7684574127;9.67868709564;10.056599617;14.8093547821;21.0057678223;15.8571434021;19.3051490784;10.6909790039;17.0406951904;11.0974664688
417;23298.0;10.0;2013.0;15.0;19.6145343781;11.8322210312;11.0122642517;8.87093353271;4.77451229095;4.8885641098;7.22673130035;11.2589664459;6.69111871719;5.4760890007;9.61324501038;10.533446312;5.7832942009
418;23329.0;11.0;2013.0;15.0;1.02168250084;0.650188207626;1.07897365093;2.44719529152;2.26401042938;2.87288546562;2.27556061745;0.78340959549;1.97657966614;0.654224038124;0.892114341259;1.30637395382;2.92045593262
419;23359.0;12.0;2013.0;15.0;0.476131767035;3.99144887924;1.05722153187;0.848737001419;0.917137145996;1.07757997513;0.638281166553;2.86893558502;1.79181158543;0.00288083963096;0.0;0.359868079424;1.57060301304
