index;time;month;year;day;Borgou;Collines;BEN;Ouémé;Mono;Kouffo;Atlantique;Donga;Plateau;Atakora;Alibori;Littoral;Zou;Oueme;Borgou+Donga
0;10606.0;1.0;1979.0;15.0;NaN;NaN;NaN;NaN;NaN;NaN;NaN;NaN;NaN;NaN;NaN;NaN;NaN;NaN;NaN
1;10637.0;2.0;1979.0;15.0;0.102457083762;3.01080060005;3.52151608467;23.9238071442;29.6936912537;27.4562969208;20.219127655;0.0793739408255;24.9645309448;0.000170231956872;0.0;12.9900016785;12.4739732742;23.9238071442;0.0956006869674
2;10665.0;3.0;1979.0;15.0;24.6227207184;47.9822006226;34.3053359985;59.156211853;41.3799324036;44.775302887;58.4413833618;33.6213378906;56.8708953857;29.7350006104;30.0926570892;51.7943115234;44.1935081482;59.156211853;27.2837848663
3;10696.0;4.0;1979.0;15.0;86.8102035522;130.221405029;80.6671066284;108.835021973;120.454795837;134.690322876;114.336029053;111.059196472;127.893913269;45.6577529907;29.6139240265;129.765655518;151.097900391;108.835021973;94.0402145386
4;10726.0;5.0;1979.0;15.0;150.449569702;182.857177734;153.081939697;289.103942871;245.258636475;262.388214111;284.85357666;163.633911133;279.131530762;98.9332199097;100.154266357;234.179992676;272.881988525;289.103942871;154.374801636
5;10757.0;6.0;1979.0;15.0;166.682327271;176.887710571;192.054382324;260.6043396;284.446655273;261.527954102;319.658111572;163.072906494;221.566055298;200.190872192;184.415344238;353.477630615;245.087417603;260.6043396;165.597579956
6;10787.0;7.0;1979.0;15.0;249.333786011;268.046173096;247.140029907;242.992858887;183.907730103;253.537628174;213.81211853;303.305877686;234.17250061;265.610992432;196.481887817;147.098068237;294.135375977;242.992858887;265.377868652
7;10818.0;8.0;1979.0;15.0;262.250244141;190.051681519;234.724731445;199.669891357;102.347885132;134.651412964;156.663909912;316.491455078;218.070907593;224.943099976;243.924545288;105.685539246;199.804977417;199.669891357;278.387969971
8;10849.0;9.0;1979.0;15.0;263.432617188;195.034667969;247.919296265;202.043228149;144.866836548;159.680618286;170.78036499;269.774810791;199.452011108;340.770843506;223.153945923;166.485733032;192.573913574;202.043228149;265.205749512
9;10879.0;10.0;1979.0;15.0;95.9260787964;132.704406738;86.4530105591;146.960754395;138.809371948;129.793197632;161.217010498;93.2300720215;161.46546936;60.5231323242;31.7493915558;174.812240601;133.677780151;146.960754395;95.1406021118
10;10910.0;11.0;1979.0;15.0;15.9380989075;22.270450592;21.8420639038;78.899772644;35.1283340454;46.8679924011;68.5387802124;18.979221344;57.7345352173;7.57934474945;17.0894088745;78.2105484009;54.8888969421;78.899772644;16.8358898163
11;10940.0;12.0;1979.0;15.0;0.14085650444;2.6524746418;0.812401533127;0.780209958553;0.706407368183;0.123401544988;3.58714652061;2.95604085922;0.0;0.0519982017577;0.018490370363;8.36000061035;0.126006439328;0.780209958553;0.978832125664
12;10971.0;1.0;1980.0;15.0;1.50216448307;5.12171173096;2.35761332512;6.70408678055;3.25300455093;1.6443400383;0.371107578278;8.39883422852;3.36855626106;1.04783654213;0.413134485483;0.52999985218;0.665741443634;6.70408678055;3.5455198288
13;11002.0;2.0;1980.0;15.0;0.892783582211;15.4608793259;10.2692756653;63.4262275696;46.1863555908;49.2038192749;62.5529747009;0.838905930519;51.8907203674;0.00759106641635;0.0;47.1199951172;54.4177970886;63.4262275696;0.873277962208
14;11031.0;3.0;1980.0;15.0;6.53007411957;28.4733428955;11.1138000488;31.6736526489;19.5978050232;21.9802379608;24.9072341919;21.7931556702;31.7684936523;1.394931674;0.00394348334521;20.4299983978;23.9722423553;31.6736526489;11.0694065094
15;11062.0;4.0;1980.0;15.0;48.2929840088;59.9995307922;50.5212478638;111.603034973;113.410812378;104.462791443;112.528877258;52.7351074219;134.259078979;31.8800258636;21.3078346252;81.2986907959;103.889816284;111.603034973;49.5950050354
16;11092.0;5.0;1980.0;15.0;148.406341553;140.657196045;138.171173096;228.015289307;190.165435791;177.255325317;216.443389893;117.888900757;210.801544189;91.0155410767;133.93927002;190.931335449;186.805236816;228.015289307;139.404937744
17;11123.0;6.0;1980.0;15.0;135.225326538;136.236404419;145.000930786;196.18762207;105.171020508;151.856323242;153.896987915;127.737564087;151.987686157;131.389953613;170.797164917;113.440040588;168.526153564;196.18762207;133.01322937
18;11153.0;7.0;1980.0;15.0;153.339477539;109.317337036;163.113723755;86.1742248535;58.5694732666;118.82169342;78.9813766479;184.396759033;116.312759399;186.982971191;202.953735352;33.9700202942;177.573242188;86.1742248535;162.609741211
19;11184.0;8.0;1980.0;15.0;266.209503174;199.252746582;261.136535645;221.024658203;131.3487854;160.611541748;198.154464722;268.212463379;214.804443359;293.642578125;306.634460449;141.809951782;206.302078247;221.024658203;266.828369141
20;11215.0;9.0;1980.0;15.0;207.958816528;225.205230713;198.827255249;218.812805176;197.960861206;171.436721802;200.253570557;230.444564819;235.539505005;208.878067017;155.113983154;165.100036621;186.141906738;218.812805176;214.548690796
21;11245.0;10.0;1980.0;15.0;124.059936523;181.226135254;114.142585754;159.715316772;143.16519165;163.462692261;147.719100952;144.909179688;201.271255493;83.0691223145;38.5269203186;97.9089355469;204.355682373;159.715316772;130.284103394
22;11276.0;11.0;1980.0;15.0;3.00721240044;18.1953086853;13.032128334;68.4733047485;59.6386680603;50.0771026611;76.023651123;8.16842746735;44.2587242126;3.59399819374;3.70004630089;64.0910720825;38.3977432251;68.4733047485;4.52524614334
23;11306.0;12.0;1980.0;15.0;0.00992054305971;0.0158577170223;0.612422764301;6.3488202095;1.95043838024;1.85872960091;7.86443471909;0.00173794082366;4.08387756348;0.0724318027496;0.0161727629602;4.17000102997;2.80203223228;6.3488202095;0.0074947392568
24;11337.0;1.0;1981.0;15.0;0.0139961522073;12.5798740387;2.91987371445;10.3010540009;2.83300065994;8.61072349548;8.10517311096;0.143877446651;8.54287052155;0.0;0.0;5.06000041962;12.065032959;10.3010540009;0.0522313341498
25;11368.0;2.0;1981.0;15.0;1.43095898628;2.92765522003;2.65693306923;11.354054451;14.6870298386;9.74460029602;13.6074886322;0.637662529945;21.6468391418;0.00748892733827;0.0;16.3300018311;8.67377758026;11.354054451;1.19518911839
26;11396.0;3.0;1981.0;15.0;29.3768825531;44.0235366821;24.8057765961;46.6205787659;40.6273231506;39.7997283936;42.4318161011;21.0770778656;72.8080062866;13.5345544815;4.20790290833;38.2900009155;48.3875999451;46.6205787659;26.9146404266
27;11427.0;4.0;1981.0;15.0;64.6725463867;74.0506210327;66.8905105591;99.4709243774;72.2074356079;79.762588501;85.0703811646;63.8246536255;107.239387512;69.26537323;48.18516922;76.8499679565;97.6882324219;99.4709243774;64.4224014282
28;11457.0;5.0;1981.0;15.0;140.904067993;159.719451904;147.620834351;203.987304688;146.563919067;163.96484375;198.97958374;149.950805664;210.253662109;124.2554245;136.429779053;194.800064087;203.545394897;203.987304688;143.583267212
29;11488.0;6.0;1981.0;15.0;174.893493652;180.699951172;177.528961182;285.613952637;196.70375061;222.663330078;236.242828369;144.543701172;292.952362061;151.03604126;166.500961304;192.629989624;256.958374023;285.613952637;165.909790039
30;11518.0;7.0;1981.0;15.0;180.423858643;154.450363159;183.152664185;92.9143676758;73.6751174927;99.6128921509;88.7725906372;202.973236084;129.542877197;194.060623169;229.996337891;67.6099853516;147.961456299;92.9143676758;187.123535156
31;11549.0;8.0;1981.0;15.0;230.841415405;121.549377441;199.012268066;80.5174331665;47.7161140442;81.5183410645;72.7489395142;207.782272339;92.0790023804;267.56942749;224.392929077;30.2508430481;114.850471497;80.5174331665;223.992767334
32;11580.0;9.0;1981.0;15.0;184.835998535;132.804931641;185.115005493;184.80506897;135.835754395;134.11730957;156.817443848;167.276123047;170.544631958;234.357040405;208.278884888;124.159141541;125.839828491;184.80506897;179.619796753
33;11610.0;10.0;1981.0;15.0;30.8437385559;102.410346985;49.585231781;147.530029297;108.813095093;138.832260132;123.333686829;45.3071022034;163.782669067;21.6629562378;3.05620098114;74.0099868774;153.865921021;147.530029297;35.0888595581
34;11641.0;11.0;1981.0;15.0;0.912883877754;1.24549520016;2.41774106026;16.8599910736;24.5229873657;11.5394287109;15.1730766296;0.544313073158;13.8054466248;0.0;0.0;18.0000019073;7.9879822731;16.8599910736;0.801790416241
35;11671.0;12.0;1981.0;15.0;0.12499165535;0.0660788044333;0.114749483764;1.28213298321;1.33672499657;0.000598364102188;0.207083895802;0.196938544512;0.536881327629;0.00149651558604;0.0;0.40000000596;0.00404057279229;1.28213298321;0.146199226379
36;11702.0;1.0;1982.0;15.0;0.906618595123;9.97283744812;2.76480817795;8.111369133;11.7459411621;11.289223671;3.82535099983;2.51579999924;5.64868545532;0.0;0.0;2.53000020981;6.52028083801;8.111369133;1.38178408146
37;11733.0;2.0;1982.0;15.0;15.2688360214;23.8944473267;24.7001266479;79.8762969971;46.1475982666;47.5875473022;91.5293502808;30.0475616455;60.3205833435;16.8046779633;13.4457931519;92.0799942017;55.0055580139;79.8762969971;19.6513977051
38;11761.0;3.0;1982.0;15.0;36.4076499939;36.84740448;32.0314025879;78.0154876709;70.4316635132;71.5130462646;90.0796966553;36.9444046021;62.9806671143;15.9904384613;10.7479610443;86.5199813843;61.0480308533;78.0154876709;36.5755958557
39;11792.0;4.0;1982.0;15.0;88.3831100464;170.480453491;103.883338928;151.221893311;120.01083374;108.950759888;164.243209839;161.664764404;173.450561523;71.3358154297;54.606678009;219.82975769;152.556900024;151.221893311;110.083343506
40;11822.0;5.0;1982.0;15.0;123.865119934;107.641555786;115.793418884;181.250198364;134.652038574;134.56288147;161.877624512;94.7854766846;144.927185059;91.1858596802;116.447273254;165.346847534;157.563354492;181.250198364;115.27911377
41;11853.0;6.0;1982.0;15.0;117.429824829;112.920120239;135.95072937;378.663482666;243.748031616;177.282516479;384.373809814;128.701583862;188.159561157;121.341621399;118.901428223;465.26461792;138.212554932;378.663482666;120.750946045
42;11883.0;7.0;1982.0;15.0;185.323135376;67.1168060303;157.922851562;150.683105469;121.450042725;92.7893981934;133.11038208;149.242340088;144.251571655;173.398681641;196.745666504;135.568634033;99.6191711426;150.683105469;174.698104858
43;11914.0;8.0;1982.0;15.0;227.71194458;80.6045074463;177.813186646;4.71217489243;7.93766736984;29.8210277557;4.79881572723;192.434539795;20.3953952789;195.367355347;262.748809814;1.96000051498;43.9066543579;4.71217489243;217.413711548
44;11945.0;9.0;1982.0;15.0;160.759063721;96.9502105713;157.372161865;28.8777923584;7.08223676682;30.1307258606;16.4473590851;128.443511963;96.0087432861;294.620269775;162.418197632;11.9800004959;65.4084396362;28.8777923584;151.086349487
45;11975.0;10.0;1982.0;15.0;100.565567017;108.677261353;87.6360855103;117.397941589;106.533782959;104.48336792;118.51688385;87.7922668457;133.896102905;75.08253479;51.7951698303;99.6900024414;131.481781006;117.397941589;96.8000946045
46;12006.0;11.0;1982.0;15.0;7.32006454468;5.53730726242;7.32949018478;39.5349655151;24.6420593262;16.4891033173;38.5851211548;6.34791612625;26.6176834106;3.60061311722;0.154886439443;34.6899909973;15.9447374344;39.5349655151;7.02435207367
47;12036.0;12.0;1982.0;15.0;0.0241046901792;0.969016075134;0.937720179558;10.9435777664;1.38453435898;0.361411929131;9.63191986084;0.0181611757725;10.015707016;6.8023444328e-05;0.0;18.299993515;2.37773704529;10.9435777664;0.022307369858
48;12067.0;1.0;1983.0;15.0;0.0;0.0;0.00574358180165;0.0191738437861;0.148887217045;0.0;0.0917045325041;0.0;7.63754997024e-06;0.0;0.0;0.280000001192;0.0;0.0191738437861;0.0
49;12098.0;2.0;1983.0;15.0;3.49861383438;1.98420596123;1.60406935215;2.0376200676;4.14086914062;2.89122200012;1.350512743;2.16015434265;3.24948644638;0.198877707124;0.0529987290502;1.53999984264;1.0465722084;2.0376200676;3.10675597191
50;12126.0;3.0;1983.0;15.0;11.1961755753;24.8141269684;14.5659990311;24.0011043549;12.2619094849;28.06407547;13.6313304901;13.3143692017;21.6115188599;11.2874221802;8.59140777588;14.5800008774;36.2249031067;24.0011043549;11.8206472397
51;12157.0;4.0;1983.0;15.0;20.5636978149;77.6386413574;36.8563842773;79.455909729;71.3090744019;93.0308990479;84.1442642212;47.5383148193;94.9729003906;19.6452999115;3.10339713097;58.6399993896;109.185241699;79.455909729;28.5336780548
52;12187.0;5.0;1983.0;15.0;135.369049072;155.448196411;127.224952698;225.748703003;162.08265686;146.844558716;208.773284912;127.362586975;197.709503174;93.6773757935;93.2906951904;242.034133911;177.161682129;225.748703003;132.974105835
53;12218.0;6.0;1983.0;15.0;141.028945923;133.63949585;148.989135742;319.508544922;166.223693848;152.585372925;269.152282715;128.371627808;215.639190674;132.660934448;148.515609741;378.355987549;172.821212769;319.508544922;137.240463257
54;12248.0;7.0;1983.0;15.0;181.59777832;59.3865814209;167.514663696;77.4372558594;57.0298843384;52.9262580872;75.0570373535;195.365142822;60.8684463501;227.018539429;222.781219482;63.2600059509;52.1186752319;77.4372558594;185.71913147
55;12279.0;8.0;1983.0;15.0;134.524871826;85.5942306519;117.737716675;19.6521129608;23.7448997498;41.3318634033;16.0071773529;108.980766296;29.6384677887;139.524154663;159.679901123;8.68999862671;54.7354698181;19.6521129608;126.970291138
56;12310.0;9.0;1983.0;15.0;151.5365448;120.16268158;164.376678467;115.294342041;84.2845077515;106.179588318;99.8024597168;112.061408997;153.402160645;244.451690674;188.243240356;72.1022644043;137.96937561;115.294342041;139.823074341
57;12340.0;10.0;1983.0;15.0;12.4939727783;22.2326507568;15.200387001;41.9529724121;48.1235580444;57.2954902649;37.1793441772;25.8625183105;29.2310199738;4.19029426575;1.28960061073;19.6977176666;39.4286766052;41.9529724121;16.4696903229
58;12371.0;11.0;1983.0;15.0;0.185250520706;9.23699474335;4.67759418488;27.0118770599;32.0925064087;29.5968093872;24.7050418854;0.306953191757;16.1706352234;0.0168661102653;0.0360601060092;24.7800006866;18.9841976166;27.0118770599;0.218617781997
59;12401.0;12.0;1983.0;15.0;5.47414445877;23.8717594147;10.7042102814;34.9474143982;38.7076759338;36.1336135864;32.4526100159;11.8864955902;41.9232749939;0.0547632500529;0.0199823714793;29.0400047302;33.5283317566;34.9474143982;7.38397455215
60;12432.0;1.0;1984.0;15.0;0.0185047909617;0.341648846865;0.184991985559;0.764806866646;0.690445303917;0.474740713835;0.503090143204;0.200037479401;1.58371770382;0.0;0.0;0.69000005722;0.727531611919;0.764806866646;0.0725334137678
61;12463.0;2.0;1984.0;15.0;0.202925950289;0.143680885434;1.20454978943;7.59341335297;14.1697711945;10.3137493134;8.95991134644;0.424729943275;5.95269441605;0.00837413407862;0.0;5.91000080109;3.5457046032;7.59341335297;0.268987387419
62;12492.0;3.0;1984.0;15.0;57.7483062744;110.87285614;54.7351493835;76.4095611572;89.2317352295;113.140670776;74.5030288696;75.1455001831;83.8597412109;32.7322425842;5.37154626846;42.8100166321;103.303581238;76.4095611572;62.9323654175
63;12523.0;4.0;1984.0;15.0;73.7038116455;85.4988555908;91.6728897095;99.5102920532;84.0341262817;97.9017486572;109.07660675;121.368270874;108.955413818;94.5539550781;88.677230835;92.7599945068;113.013618469;99.5102920532;87.8007507324
64;12553.0;5.0;1984.0;15.0;225.066513062;173.56993103;161.767944336;155.185958862;116.521102905;127.244934082;154.150482178;151.300354004;198.023117065;97.0218734741;149.915283203;131.336730957;174.997695923;155.185958862;203.324203491
65;12584.0;6.0;1984.0;15.0;162.342956543;154.684494019;137.114807129;167.312255859;134.151107788;136.777084351;146.754104614;129.139709473;187.744430542;103.692970276;120.489822388;130.903320312;158.500213623;167.312255859;152.566741943
66;12614.0;7.0;1984.0;15.0;148.016311646;149.642242432;143.134185791;83.2557525635;72.1920394897;114.709983826;72.184135437;165.789276123;119.943565369;142.593170166;147.85534668;31.227558136;143.300125122;83.2557525635;153.276641846
67;12645.0;8.0;1984.0;15.0;134.486022949;158.129318237;149.329803467;113.473869324;78.1566619873;131.763839722;89.4330825806;179.004516602;162.160629272;162.336120605;145.61076355;56.9818496704;174.010971069;113.473869324;147.632949829
68;12676.0;9.0;1984.0;15.0;235.914672852;185.207244873;236.321228027;225.216552734;192.349273682;199.500534058;199.772949219;211.94367981;257.799835205;258.529388428;266.878295898;183.140625;237.076080322;225.216552734;228.784683228
69;12706.0;10.0;1984.0;15.0;65.7358856201;57.8795509338;64.9269104004;166.351089478;118.921722412;107.520683289;141.353622437;51.684299469;120.987060547;56.4117164612;43.2436218262;125.999992371;105.526481628;166.351089478;61.5724220276
70;12737.0;11.0;1984.0;15.0;0.244733035564;1.35220122337;2.45082211494;23.1269836426;6.26021194458;6.65669536591;18.0668087006;2.93709301949;16.7952423096;0.462564945221;0.014934479259;21.0099983215;8.5628862381;23.1269836426;1.04170084
71;12767.0;12.0;1984.0;15.0;0.0748385414481;2.43609833717;0.772098779678;3.8829767704;2.18739056587;3.21643543243;1.72216427326;0.0655073598027;1.85731887817;0.000170058585354;0.0;0.830000042915;4.64966821671;3.8829767704;0.07173204422
72;12798.0;1.0;1985.0;15.0;0.72087842226;8.21721744537;2.24266886711;11.0653514862;3.36836242676;2.10020661354;13.9817390442;1.48341298103;5.01984405518;0.00511586479843;0.0;25.3799953461;3.79322361946;11.0653514862;0.944578111172
73;12829.0;2.0;1985.0;15.0;0.364293903112;0.295542865992;0.98594892025;9.11810874939;11.46048069;7.94751501083;10.1418008804;0.225529238582;1.64455842972;0.0;0.0;11.5799999237;1.36856293678;9.11810874939;0.325228452682
74;12857.0;3.0;1985.0;15.0;45.2098846436;57.19348526;34.284614563;55.414855957;61.1535987854;52.9458656311;51.0592193604;50.0148200989;57.4852371216;15.3808965683;7.79943132401;29.0199966431;45.354637146;55.414855957;46.661441803
75;12888.0;4.0;1985.0;15.0;38.9444732666;89.1284103394;56.9331703186;143.460464478;134.671279907;159.864547729;135.204330444;60.3881416321;133.476272583;38.6750831604;14.4366950989;104.849983215;143.741958618;143.460464478;45.2790336609
76;12918.0;5.0;1985.0;15.0;143.865539551;126.482345581;117.919059753;213.623168945;203.967269897;167.520431519;206.775665283;121.439697266;183.944900513;56.3161964417;91.8191299438;267.970947266;163.995864868;213.623168945;137.291442871
77;12949.0;6.0;1985.0;15.0;116.145927429;171.961715698;133.327850342;175.195343018;83.1474075317;113.357704163;128.931732178;141.377075195;160.632904053;115.675300598;135.845169067;126.809082031;157.347961426;175.195343018;123.625968933
78;12979.0;7.0;1985.0;15.0;279.613555908;293.336151123;252.556442261;145.770263672;154.552749634;228.017425537;145.15385437;281.787078857;207.849731445;199.106384277;264.997680664;69.8236541748;268.374908447;145.770263672;280.316711426
79;13010.0;8.0;1985.0;15.0;250.822036743;224.006408691;241.501907349;93.9154510498;81.1001052856;118.485908508;86.5942840576;277.754089355;159.062393188;224.420349121;315.344055176;48.6309928894;163.296005249;93.9154510498;258.862762451
80;13041.0;9.0;1985.0;15.0;249.938980103;226.716445923;233.269668579;163.623016357;103.447952271;145.685775757;136.716140747;273.106292725;192.426391602;300.100158691;194.368148804;113.605873108;205.541213989;163.623016357;256.740203857
81;13071.0;10.0;1985.0;15.0;43.2874298096;64.7309799194;48.8655738831;138.533325195;124.88028717;116.415985107;136.628860474;66.4000167847;109.746177673;30.9636363983;7.98443984985;111.987030029;100.619659424;138.533325195;50.1483955383
82;13102.0;11.0;1985.0;15.0;0.0633961632848;3.57381820679;5.63369226456;64.6461486816;35.8036384583;28.1178226471;48.8250961304;2.25111865997;30.2234687805;0.345502048731;0.0501854866743;40.2924385071;16.7811660767;64.6461486816;0.707470118999
83;13132.0;12.0;1985.0;15.0;0.00654671806842;0.00282397656702;0.0800287723541;0.44822126627;1.24647140503;0.848627746105;0.0330487899482;0.0121255768463;0.399316310883;6.8023444328e-05;0.0;0.0;0.480087548494;0.44822126627;0.00820452161133
84;13163.0;1.0;1986.0;15.0;0.0028014506679;1.55766963959;0.409116595984;1.54903113842;0.689667105675;1.21998655796;0.460408359766;0.124977506697;1.50778281689;0.0;0.0;0.480000019073;2.07643175125;1.54903113842;0.0391935408115
85;13194.0;2.0;1986.0;15.0;2.4232378006;28.0044345856;11.6289615631;44.4682693481;45.7163543701;53.8519248962;41.8451652527;6.50647878647;46.0880432129;0.016861166805;0.0;41.3499946594;49.261138916;44.4682693481;3.63151168823
86;13222.0;3.0;1986.0;15.0;35.7709274292;72.5412750244;39.9193878174;81.1019210815;75.7658462524;89.8301467896;63.3408546448;53.3173332214;69.8219070435;18.0065174103;13.6367969513;56.1699905396;81.9619903564;81.1019210815;40.9776802063
87;13253.0;4.0;1986.0;15.0;54.9202384949;64.6809768677;59.7505607605;85.2542877197;91.1862182617;108.388977051;80.967376709;53.9329109192;94.9300994873;67.9630126953;34.7038192749;73.859992981;102.347923279;85.2542877197;54.6195220947
88;13283.0;5.0;1986.0;15.0;83.3326873779;127.313537598;105.811828613;134.231262207;102.745353699;110.213745117;114.813903809;93.1987075806;131.777740479;95.704826355;117.693817139;92.9063873291;138.089233398;134.231262207;86.2163619995
89;13314.0;6.0;1986.0;15.0;132.352172852;138.611206055;141.688568115;220.145263672;187.635681152;144.762115479;219.361816406;123.202735901;176.737503052;131.01512146;146.551864624;300.653564453;146.723632812;220.145263672;129.653991699
90;13344.0;7.0;1986.0;15.0;172.547424316;188.868453979;189.186798096;100.767227173;107.617004395;162.355453491;87.2974243164;182.326507568;159.045913696;187.224975586;235.652374268;51.3399963379;210.701461792;100.767227173;175.435287476
91;13375.0;8.0;1986.0;15.0;160.67010498;96.2021789551;165.299499512;20.8127403259;25.4044399261;48.3430595398;27.3539218903;223.727661133;34.0319709778;228.131195068;212.912796021;11.4387645721;62.980594635;20.8127403259;179.325088501
92;13406.0;9.0;1986.0;15.0;207.118377686;113.938041687;195.222427368;114.875862122;73.4938278198;88.3035812378;100.995384216;216.523452759;124.588790894;258.924072266;224.916381836;67.8935012817;124.568115234;114.875862122;209.853820801
93;13436.0;10.0;1986.0;15.0;92.2689971924;117.333030701;102.328620911;220.320083618;147.595855713;142.484481812;210.746292114;106.569923401;169.553192139;102.086975098;61.70545578;176.507766724;136.853622437;220.320083618;96.4834823608
94;13467.0;11.0;1986.0;15.0;1.17767202854;7.07938861847;7.97404003143;31.5637550354;29.89777565;31.7272224426;27.3660125732;5.41882419586;20.3478622437;11.6318492889;1.85826957226;15.32999897;20.8641815186;31.5637550354;2.42933392525
95;13497.0;12.0;1986.0;15.0;0.0;0.0;0.00122400873806;0.0194062199444;0.0169190000743;0.0;0.0010416485602;0.0;0.02364323847;0.0;0.0;0.0;0.000638492871076;0.0194062199444;0.0
96;13528.0;1.0;1987.0;15.0;2.81394267082;0.203136354685;1.04632914066;1.31424295902;5.06537103653;3.58134293556;1.35597980022;1.23491883278;1.09016895294;0.0571750998497;0.0;1.42999970913;0.408539265394;1.31424295902;2.34991168976
97;13559.0;2.0;1987.0;15.0;6.11408996582;9.40431880951;8.50675773621;35.6502494812;42.2356643677;41.3078308105;45.0534133911;6.45469808578;28.2861213684;0.00823794770986;0.0;41.2099952698;30.2767620087;35.6502494812;6.21412849426
98;13587.0;3.0;1987.0;15.0;36.2636642456;77.5794372559;44.9629478455;104.922790527;87.7272491455;104.976722717;92.098526001;25.3351325989;117.420974731;14.9002714157;28.4902935028;58.7699890137;113.959869385;104.922790527;33.0564117432
99;13618.0;4.0;1987.0;15.0;19.1453971863;40.7377929688;25.5567188263;59.2866134644;44.8749160767;68.0627822876;52.2012557983;26.8262119293;80.3337173462;16.0490036011;3.86023283005;15.5100011826;77.7418365479;59.2866134644;21.4204826355
100;13648.0;5.0;1987.0;15.0;74.7834472656;130.184783936;89.4156036377;137.392745972;104.720779419;129.89491272;128.986282349;88.784866333;141.107192993;53.6846694946;77.1235351562;107.425254822;164.724853516;137.392745972;78.9558563232
101;13679.0;6.0;1987.0;15.0;176.262710571;132.598831177;154.174362183;201.974517822;147.410263062;148.510314941;162.018875122;146.233657837;144.504806519;168.737594604;138.494003296;188.654769897;132.557479858;201.974517822;167.446578979
102;13709.0;7.0;1987.0;15.0;154.676651001;133.719299316;163.909469604;108.180252075;59.993144989;95.663192749;79.1230545044;162.148529053;90.4849319458;195.931106567;213.181045532;55.8486099243;99.0175552368;108.180252075;156.847793579
103;13740.0;8.0;1987.0;15.0;217.973983765;288.57019043;254.22819519;320.486328125;218.043304443;272.20098877;304.741699219;299.512756348;290.509765625;246.268585205;234.702392578;281.801116943;304.133239746;320.486328125;242.078460693
104;13771.0;9.0;1987.0;15.0;172.847991943;199.486083984;207.203353882;439.060821533;348.530609131;331.208862305;429.394561768;195.955841064;396.404724121;209.506195068;142.186767578;380.410217285;323.575469971;439.060821533;179.600662231
105;13801.0;10.0;1987.0;15.0;64.3601150513;85.2395477295;72.6381225586;180.714523315;109.901939392;119.251304626;165.841384888;77.1901397705;169.653762817;58.4643058777;35.1771659851;192.089996338;134.103347778;180.714523315;68.1602554321
106;13832.0;11.0;1987.0;15.0;0.0311328638345;0.194030195475;1.48302900791;14.090265274;4.44700574875;4.33100557327;9.66650867462;0.477778762579;6.14540958405;1.61015868187;0.422420918941;10.2800016403;5.37082433701;14.090265274;0.162507504225
107;13862.0;12.0;1987.0;15.0;0.0132889673114;2.57303953171;1.46464562416;4.32798051834;2.57022976875;5.94210767746;2.32255792618;0.0228573381901;17.1783771515;0.000170058599906;0.025711812079;1.94999980927;8.88182449341;4.32798051834;0.0160388369113
108;13893.0;1.0;1988.0;15.0;6.38963127136;8.20527172089;4.37182378769;6.88333749771;1.53643012047;2.85657858849;3.90615439415;12.0862369537;6.27060174942;0.254408359528;0.182485163212;7.13000059128;4.5951051712;6.88333749771;8.08746814728
109;13924.0;2.0;1988.0;15.0;8.22287273407;19.9838695526;13.3354234695;66.835067749;43.668296814;46.6197471619;52.6490478516;7.30567216873;75.6761779785;0.154229491949;1.28073120117;31.1399974823;46.9837150574;66.835067749;7.95326662064
110;13953.0;3.0;1988.0;15.0;12.9148197174;64.9766769409;29.6369132996;70.5610122681;85.4032745361;114.242492676;77.9213027954;29.3908233643;101.123565674;5.35257673264;0.00698840478435;57.3700065613;120.76675415;70.5610122681;17.8029212952
111;13984.0;4.0;1988.0;15.0;85.4673538208;97.5463943481;89.1512145996;141.532470703;136.953781128;156.653503418;134.83152771;101.821212769;182.718826294;63.3651771545;58.2738571167;125.759979248;169.220565796;141.532470703;90.3270263672
112;14014.0;5.0;1988.0;15.0;135.666610718;106.264846802;114.991470337;220.579986572;172.155593872;180.09362793;235.991043091;119.718330383;173.237609863;96.6595916748;61.5040969849;215.129333496;184.085205078;220.579986572;130.976470947
113;14045.0;6.0;1988.0;15.0;185.878219604;181.413131714;190.964935303;371.739501953;176.390792847;189.287216187;307.201049805;178.189178467;267.258117676;141.504455566;205.375610352;381.910797119;238.040237427;371.739501953;183.597061157
114;14075.0;7.0;1988.0;15.0;255.861404419;272.287811279;221.001525879;179.663375854;103.316291809;174.388702393;115.544692993;273.820159912;217.743499756;199.146484375;171.81552124;81.9599990845;270.551971436;179.663375854;261.237609863
115;14106.0;8.0;1988.0;15.0;333.77456665;302.162506104;281.480865479;70.9679641724;31.7609481812;89.3690643311;51.5128173828;299.770935059;144.992111206;295.079223633;313.005615234;12.2069835663;179.919540405;70.9679641724;323.67678833
116;14137.0;9.0;1988.0;15.0;313.045928955;217.074111938;262.994659424;268.638000488;206.32069397;238.89704895;261.082855225;251.068481445;262.41607666;306.997589111;220.718414307;220.723068237;240.596420288;268.638000488;294.743682861
117;14167.0;10.0;1988.0;15.0;34.9068145752;90.3980789185;52.6533851624;163.68560791;123.101341248;131.826507568;152.123352051;62.89793396;161.04914856;25.7458229065;9.53268623352;140.799987793;122.539428711;163.68560791;43.1938323975
118;14198.0;11.0;1988.0;15.0;0.181575119495;8.56859970093;6.2043633461;43.3143348694;30.6104335785;29.4337501526;34.7290649414;5.35072803497;27.2815647125;1.96608579159;0.183230981231;44.1800003052;18.1021518707;43.3143348694;1.71438038349
119;14228.0;12.0;1988.0;15.0;2.77730154991;14.6685810089;5.99257898331;33.2277870178;34.0124969482;19.2916927338;23.2066631317;0.508916079998;29.7121524811;0.0107074324042;0.0;26.3700065613;15.5196485519;33.2277870178;2.10595273972
120;14259.0;1.0;1989.0;15.0;0.0;0.0;0.0236155875027;0.0916914343834;0.520651757717;0.306979417801;0.237278401852;0.0;0.0100307334214;0.0;0.0;0.360000014305;0.0135554876179;0.0916914343834;0.0
121;14290.0;2.0;1989.0;15.0;0.0604775361717;1.8362070322;0.882661938667;1.31254053116;8.08783245087;5.93370246887;2.30239582062;0.183321177959;6.01712846756;0.00552787352353;0.0;1.99999988079;2.85762310028;1.31254053116;0.0971523448825
122;14318.0;3.0;1989.0;15.0;33.1405143738;92.3799209595;54.6893386841;123.471855164;145.642791748;148.679428101;124.579322815;63.8150634766;123.841026306;34.5194892883;21.6101970673;78.5000076294;107.987991333;123.471855164;42.2130889893
123;14349.0;4.0;1989.0;15.0;65.2563781738;75.486328125;57.9137039185;136.179931641;130.204071045;115.762817383;129.49156189;51.1154556274;119.298095703;28.8934383392;29.7458324432;112.870040894;94.1395492554;136.179931641;61.0660476685
124;14379.0;5.0;1989.0;15.0;73.5338973999;82.2058105469;88.4331130981;180.506256104;195.48046875;189.710525513;178.821578979;64.412902832;161.426208496;61.4137229919;82.8408279419;147.430038452;159.631546021;180.506256104;70.8081741333
125;14410.0;6.0;1989.0;15.0;223.171737671;247.256607056;209.319030762;308.407562256;282.159179688;278.839294434;285.563690186;223.331192017;284.620697021;150.148193359;164.133407593;266.895751953;294.514770508;308.407562256;223.288833618
126;14440.0;7.0;1989.0;15.0;184.184951782;190.878967285;206.62651062;206.807449341;120.415817261;190.704742432;144.944076538;218.655136108;232.914520264;226.084411621;219.833587646;91.1254425049;248.397949219;206.807449341;194.360122681
127;14471.0;8.0;1989.0;15.0;338.922668457;271.948364258;277.502502441;156.618240356;105.223136902;172.505599976;126.240104675;353.706420898;188.549057007;217.746887207;301.180175781;92.0286178589;231.300170898;156.618240356;343.397094727
128;14502.0;9.0;1989.0;15.0;277.837768555;192.860061646;230.879959106;125.016929626;101.59651947;112.953079224;121.287857056;278.643127441;151.006546021;294.067108154;206.64982605;97.8815231323;116.413528442;125.016929626;278.063781738
129;14532.0;10.0;1989.0;15.0;101.287101746;162.309158325;100.177848816;202.214370728;123.600189209;160.488388062;182.909484863;87.0908660889;173.94203186;68.2922821045;48.5870628357;181.608551025;186.388336182;202.214370728;97.0844573975
130;14563.0;11.0;1989.0;15.0;0.151203617454;1.9878218174;2.88060498238;33.3058357239;17.4280548096;12.7023906708;30.6034183502;0.0817332863808;14.2109222412;6.86526400386e-05;0.0;24.7899990082;9.37794589996;33.3058357239;0.130157753825
131;14593.0;12.0;1989.0;15.0;6.21684026718;0.910585045815;4.93959951401;0.379311293364;7.93677425385;3.91934609413;0.343653559685;1.9556555748;0.496366143227;8.45317649841;6.32283401489;0.389999896288;0.250710368156;0.379311293364;4.95918750763
132;14624.0;1.0;1990.0;15.0;4.76690673828;15.0475234985;4.68452596664;7.73562002182;2.74547886848;11.6836795807;3.82145881653;4.70121622086;7.16536903381;0.160456731915;0.0;2.38000011444;13.3144216537;7.73562002182;4.74940490723
133;14655.0;2.0;1990.0;15.0;1.32955813408;17.9339637756;7.07048749924;28.429233551;29.7734260559;33.4437599182;42.4008483887;1.84088623524;16.0899963379;0.235529124737;0.0222634505481;54.5299911499;25.9152374268;28.429233551;1.48313999176
134;14683.0;3.0;1990.0;15.0;0.575867235661;15.6663980484;4.94753026962;16.8508720398;27.8407783508;28.4996414185;15.6143856049;0.955222725868;9.39260292053;0.0768091455102;0.00246467720717;10.9100017548;18.9191112518;16.8508720398;0.684654891491
135;14714.0;4.0;1990.0;15.0;68.1084136963;143.880096436;80.21144104;145.847183228;118.982559204;139.817703247;139.287277222;92.1163406372;142.457611084;52.7011146545;32.9052314758;150.310028076;156.320541382;145.847183228;75.2460784912
136;14744.0;5.0;1990.0;15.0;124.816596985;93.0643463135;105.724563599;132.539382935;98.5521469116;87.102355957;129.034164429;102.116462708;130.349197388;92.0642700195;105.06653595;122.709999084;89.0855102539;132.539382935;118.102584839
137;14775.0;6.0;1990.0;15.0;167.1615448;143.053359985;147.75958252;217.663955688;166.982620239;168.318817139;212.216415405;174.191452026;139.67666626;113.421974182;134.922164917;225.590652466;142.448638916;217.663955688;169.27406311
138;14805.0;7.0;1990.0;15.0;243.641738892;247.547836304;248.600585938;250.256072998;135.685211182;227.836517334;190.576538086;299.742401123;288.823730469;240.965911865;232.255340576;119.689331055;344.164520264;250.256072998;260.246154785
139;14836.0;8.0;1990.0;15.0;239.892623901;104.382324219;184.043289185;24.3881416321;59.6590881348;88.8230514526;29.7123146057;193.177780151;47.5016059875;232.561294556;210.656707764;13.5200004578;82.5191650391;24.3881416321;226.122879028
140;14867.0;9.0;1990.0;15.0;179.164550781;152.277252197;170.399887085;131.186462402;100.915748596;134.859573364;120.992843628;161.184906006;164.130203247;180.360626221;181.608596802;88.1600036621;191.044418335;131.186462402;173.846252441
141;14897.0;10.0;1990.0;15.0;58.7292976379;107.062950134;57.1554069519;125.697731018;100.037948608;100.491874695;142.093643188;68.0479736328;109.827659607;28.3879146576;10.6324672699;130.729995728;103.646659851;125.697731018;61.4790878296
142;14928.0;11.0;1990.0;15.0;5.45028448105;5.85951519012;10.3170576096;62.5830001831;45.8110656738;37.4826622009;57.2755737305;10.0551109314;43.9730606079;4.57350492477;2.35392284393;49.7700004578;22.0721588135;62.5830001831;6.81600141525
143;14958.0;12.0;1990.0;15.0;10.7486791611;36.0775871277;24.8769798279;106.522262573;117.886505127;122.101486206;108.470680237;21.6648521423;98.2114181519;2.81569290161;0.164466291666;83.9400100708;89.2035980225;106.522262573;13.989689827
144;14989.0;1.0;1991.0;15.0;0.910898029804;1.69710636139;1.18640089035;7.18446207047;3.79171943665;3.14551210403;7.21276283264;1.62326037884;4.2222738266;0.0264861993492;0.0;13.4899997711;1.76313531399;7.18446207047;1.12192881107
145;15020.0;2.0;1991.0;15.0;16.759683609;57.405002594;23.7474384308;36.5269432068;44.3627853394;42.5375785828;48.3608818054;16.4335098267;55.9746322632;15.1905860901;6.4975528717;45.1899986267;49.2151794434;36.5269432068;16.6444091797
146;15048.0;3.0;1991.0;15.0;46.8608665466;40.283821106;48.3727149963;79.1556549072;81.6629562378;81.5816497803;80.9495849609;67.0691452026;63.5108337402;32.8159942627;44.2310752869;65.1453552246;56.2953147888;79.1556549072;52.8611335754
147;15079.0;4.0;1991.0;15.0;97.8604660034;170.342498779;112.75377655;229.7447052;196.604095459;201.575042725;236.343948364;130.482208252;207.134307861;73.6463623047;46.7382926941;231.7447052;244.965270996;229.7447052;107.545021057
148;15109.0;5.0;1991.0;15.0;287.552001953;246.078842163;248.25453186;191.390548706;131.444885254;137.520248413;169.49899292;255.734634399;212.841583252;215.017501831;280.305603027;182.559997559;199.651794434;191.390548706;278.191253662
149;15140.0;6.0;1991.0;15.0;237.506637573;104.558120728;181.939865112;207.68107605;112.369445801;106.070808411;180.975418091;150.567077637;149.752563477;206.515930176;190.508758545;171.75038147;120.775817871;207.68107605;211.78742981
150;15170.0;7.0;1991.0;15.0;267.012481689;354.211334229;263.564483643;302.804626465;191.326202393;217.490280151;275.589416504;295.678192139;239.733200073;241.011672974;220.373672485;314.569549561;283.79675293;302.804626465;275.482849121
151;15201.0;8.0;1991.0;15.0;291.58581543;212.061203003;253.777542114;51.0545158386;35.007194519;70.4104537964;51.8536872864;361.963989258;75.3199005127;321.999938965;257.692443848;26.4800033569;101.608337402;51.0545158386;312.444824219
152;15232.0;9.0;1991.0;15.0;182.544281006;141.5103302;152.058502197;152.763671875;105.530509949;123.162124634;149.969985962;186.770935059;154.276947021;181.300933838;98.9399337769;132.27482605;141.714813232;152.763671875;183.817718506
153;15262.0;10.0;1991.0;15.0;87.4348602295;88.0881958008;85.6120223999;136.86000061;123.796966553;128.895294189;151.106231689;96.7664108276;120.88910675;83.4493560791;52.2158927917;117.115211487;114.891685486;136.86000061;90.2277832031
154;15293.0;11.0;1991.0;15.0;0.147681802511;1.82246875763;1.58988714218;16.8918800354;14.0576276779;9.51673126221;9.18706512451;1.15924322605;7.46721935272;0.0959022417665;0.00948383565992;4.19000005722;2.73023748398;16.8918800354;0.446374386549
155;15323.0;12.0;1991.0;15.0;0.00649491790682;0.578850328922;2.59647703171;37.3940849304;8.19972705841;18.1189651489;23.0357093811;0.00780107825994;15.0267076492;6.86911444063e-05;0.0;24.1399974823;11.2422552109;37.3940849304;0.00687662372366
156;15354.0;1.0;1992.0;15.0;0.0541286170483;0.121091552079;0.141328170896;0.0230145473033;1.28295791149;1.48107588291;0.0105972243473;0.407517135143;0.1295145154;0.00511310994625;0.0;0.0;0.376576691866;0.0230145473033;0.15965795517
157;15385.0;2.0;1992.0;15.0;0.0441101193428;1.05464684963;0.376857608557;0.916887223721;3.94352126122;2.9194226265;0.837236166;0.0386201888323;1.30947613716;0.0;0.0;0.0500000081956;0.928130984306;0.916887223721;0.042324770242
158;15414.0;3.0;1992.0;15.0;2.73296642303;9.53106403351;6.61369180679;28.3306941986;26.6687450409;23.090763092;29.7734889984;9.75173282623;18.7968597412;1.86537051201;0.498831927776;23.2800064087;18.4261054993;28.3306941986;4.81705522537
159;15445.0;4.0;1992.0;15.0;66.2133636475;116.309928894;73.8539962769;122.039154053;112.248435974;142.365432739;128.491149902;71.2230453491;132.608169556;38.2096710205;45.5607261658;134.310012817;158.225250244;122.039154053;67.6703643799
160;15475.0;5.0;1992.0;15.0;157.828338623;175.109832764;160.934539795;213.335830688;219.986907959;217.469558716;235.830780029;168.600479126;215.335403442;158.229797363;113.009674072;240.720031738;234.455688477;213.335830688;161.058120728
161;15506.0;6.0;1992.0;15.0;120.159988403;149.998031616;129.261764526;140.384292603;71.9207305908;92.7890396118;121.056465149;122.364173889;143.160125732;138.757034302;126.195610046;157.859985352;137.569564819;140.384292603;120.806877136
162;15536.0;7.0;1992.0;15.0;254.974822998;179.130935669;220.645248413;83.3114242554;40.2617111206;80.410949707;63.8053131104;266.365661621;92.7601470947;249.381958008;254.386993408;52.7699928284;117.730705261;83.3114242554;258.421905518
163;15567.0;8.0;1992.0;15.0;171.740493774;84.1109390259;162.46762085;13.8184156418;5.69734716415;15.935177803;12.2296867371;214.021347046;21.9478225708;211.233688354;229.909576416;7.44000101089;26.0800628662;13.8184156418;184.247695923
164;15598.0;9.0;1992.0;15.0;242.747955322;212.388931274;196.650695801;227.973464966;144.259765625;192.59262085;185.511688232;212.813980103;263.099395752;177.95690918;137.917098999;130.999984741;244.710021973;227.973464966;233.945404053
165;15628.0;10.0;1992.0;15.0;36.846244812;67.5539398193;53.3678779602;150.504837036;88.0088424683;86.5980529785;142.166366577;59.4799575806;114.302017212;52.0303993225;24.4748630524;123.569946289;90.3731613159;150.504837036;43.5271072388
166;15659.0;11.0;1992.0;15.0;27.3957843781;28.9502449036;21.8587474823;50.1681480408;30.0965671539;35.6841773987;39.5676269531;20.2581443787;33.6076583862;16.1372699738;9.95454883575;37.610004425;26.0434303284;50.1681480408;25.2822608948
167;15689.0;12.0;1992.0;15.0;0.500930130482;1.16941606998;0.734375;5.42279815674;2.5852189064;5.06657171249;2.12916684151;0.293609708548;1.46640253067;6.86911444063e-05;0.0;3.50999999046;2.90926337242;5.42279815674;0.437772154808
168;15720.0;1.0;1993.0;15.0;0.0018139751628;0.0940694734454;0.0628970488906;0.0230145454407;0.529386937618;0.710882604122;0.0062584253028;0.105459682643;0.128832995892;0.0;0.0;0.0;0.281325310469;0.0230145454407;0.0327451936901
169;15751.0;2.0;1993.0;15.0;3.49808168411;13.915143013;11.9284057617;64.072052002;60.5038070679;52.5435256958;78.1788635254;8.15114688873;49.2318687439;0.442145973444;0.0;84.890007019;49.1524047852;64.072052002;4.87773609161
170;15779.0;3.0;1993.0;15.0;39.469997406;92.8048553467;45.4310112;82.2411651611;101.198257446;92.1203308105;83.7061843872;49.2225952148;92.0652084351;31.7494983673;6.33637237549;75.1153564453;85.8069763184;82.2411651611;42.3228492737
171;15810.0;4.0;1993.0;15.0;27.8332424164;85.9214324951;48.8399085999;120.463371277;112.013587952;111.923316956;105.177612305;50.2531890869;118.146728516;33.7963027954;15.6090278625;97.4646530151;128.027786255;120.463371277;34.4695892334
172;15840.0;5.0;1993.0;15.0;106.834434509;102.865341187;107.382926941;227.32244873;116.210952759;87.5260696411;218.841567993;145.680496216;173.337814331;89.6357040405;80.3538360596;292.940032959;110.698295593;227.32244873;118.347465515
173;15871.0;6.0;1993.0;15.0;116.133453369;145.415939331;146.557632446;246.852005005;194.48475647;185.818099976;276.700469971;129.497879028;211.594589233;141.990188599;144.847961426;330.199920654;181.363250732;246.852005005;120.08719635
174;15901.0;7.0;1993.0;15.0;252.770767212;149.018508911;217.39125061;140.427520752;106.797088623;113.333274841;131.461410522;284.582336426;128.543945312;239.850250244;232.900619507;164.420013428;129.505233765;140.427520752;262.276367188
175;15932.0;8.0;1993.0;15.0;242.017562866;168.570877075;203.577575684;30.3087406158;42.3174171448;84.3601989746;28.9741725922;250.98046875;64.8565063477;241.276855469;220.170928955;11.8799991608;117.992683411;30.3087406158;244.731430054
176;15963.0;9.0;1993.0;15.0;213.818145752;224.396255493;211.446517944;151.695098877;126.066207886;171.328094482;159.378677368;219.504852295;206.570922852;238.844390869;197.641494751;106.036766052;216.549407959;151.695098877;215.400253296
177;15993.0;10.0;1993.0;15.0;53.3013420105;77.5129089355;55.7603034973;122.228096008;115.647163391;109.999687195;118.938568115;72.3900756836;96.7162780762;38.49061203;24.4454154968;117.263282776;72.3477706909;122.228096008;58.9565429688
178;16024.0;11.0;1993.0;15.0;4.10187339783;12.890545845;11.0029554367;66.0315551758;53.8714485168;42.1252250671;70.196937561;12.6132717133;31.4980602264;3.34936666489;0.00770917162299;78.5899810791;28.705947876;66.0315551758;6.62943553925
179;16054.0;12.0;1993.0;15.0;5.57969713211;22.9969863892;8.82904243469;25.5979175568;22.3851776123;17.676158905;25.3541622162;10.0114297867;33.6898345947;0.207652434707;0.286528110504;28.3800048828;22.2333221436;25.5979175568;6.89470481873
180;16085.0;1.0;1994.0;15.0;0.118642702699;0.756564617157;2.3977200985;23.3456115723;23.7860813141;15.7057304382;25.7239227295;0.146486446261;8.76135063171;0.00851548649371;0.0035970446188;23.4100036621;7.1263422966;23.3456115723;0.127256006002
181;16116.0;2.0;1994.0;15.0;0.0722113773227;8.48406887054;4.84394884109;25.7840843201;40.8550186157;23.0705394745;47.5712127686;1.06008481979;8.65966415405;0.0037677641958;0.0;80.6000061035;13.3497400284;25.7840843201;0.366075128317
182;16144.0;3.0;1994.0;15.0;30.346786499;57.3106002808;29.4599494934;74.4134674072;43.1195793152;49.504360199;57.5494728088;11.9835166931;63.1632652283;20.3799591064;11.9775238037;65.2100067139;47.333656311;74.4134674072;24.9058074951
183;16175.0;4.0;1994.0;15.0;62.420211792;101.338623047;73.6305847168;115.591125488;98.6847839355;134.902572632;97.9445724487;83.7600097656;135.413925171;59.0820922852;44.7351493835;81.3199768066;137.526794434;115.591125488;68.7353820801
184;16205.0;5.0;1994.0;15.0;132.113754272;120.196655273;128.823944092;123.914382935;133.852478027;121.772628784;131.666534424;174.505432129;116.269065857;138.932922363;106.03024292;134.299957275;119.859680176;123.914382935;144.660202026
185;16236.0;6.0;1994.0;15.0;186.705047607;124.569526672;185.778182983;241.898300171;172.593551636;146.956771851;211.272964478;182.466888428;158.922241211;183.144714355;235.561904907;211.939971924;124.314002991;241.898300171;185.464096069
186;16266.0;7.0;1994.0;15.0;187.880706787;172.987991333;172.75491333;84.2197875977;80.188041687;123.305786133;68.4091949463;239.436218262;126.596321106;164.487670898;173.549453735;54.2444534302;155.149261475;84.2197875977;203.147094727
187;16297.0;8.0;1994.0;15.0;241.849060059;105.528518677;238.8072052;61.5978775024;30.0386161804;53.2040061951;55.3824157715;202.694320679;81.3162841797;328.947906494;365.678833008;29.9055652618;81.978225708;61.5978775024;230.229248047
188;16328.0;9.0;1994.0;15.0;308.540863037;176.978118896;248.832061768;123.941047668;94.7633895874;156.634857178;104.183876038;242.946060181;153.776565552;341.480560303;225.962783813;86.370010376;185.516616821;123.941047668;289.178375244
189;16358.0;10.0;1994.0;15.0;171.9296875;212.053756714;150.666900635;186.148742676;155.276687622;169.735992432;178.423965454;163.874145508;177.722900391;137.995956421;82.3854293823;178.730026245;190.173797607;186.148742676;169.54675293
190;16389.0;11.0;1994.0;15.0;0.391139894724;12.6798210144;8.87814712524;48.7912902832;70.7863616943;79.9787139893;39.2704200745;0.157776534557;28.8523387909;1.04231309891;0.00917388685048;34.84998703;38.3389968872;48.7912902832;0.321570008993
191;16419.0;12.0;1994.0;15.0;0.0;0.0;0.127778664231;5.33653688431;0.00111760431901;0.00538527872413;0.176903486252;0.0;2.18335366249;0.0;0.0;0.389999985695;0.0186707638204;5.33653688431;0.0
192;16450.0;1.0;1995.0;15.0;0.00151164608542;0.127796918154;0.946316182613;8.93558979034;4.75510311127;4.12462663651;18.5247936249;0.0854587107897;1.42648661137;0.0;0.0;31.1000080109;1.87684738636;8.93558979034;0.0265643503517
193;16481.0;2.0;1995.0;15.0;1.78412902355;12.9999465942;5.26772451401;36.7833099365;24.8159484863;12.9743185043;26.8402004242;2.97452878952;27.8204784393;0.0318779535592;0.0;36.7399940491;7.99533367157;36.7833099365;2.1357190609
194;16509.0;3.0;1995.0;15.0;22.2169685364;47.4491386414;40.7741928101;197.411849976;197.367340088;185.77796936;218.060638428;35.8940124512;122.082595825;8.04434204102;1.18700349331;183.629974365;132.80581665;197.411849976;26.2757778168
195;16540.0;4.0;1995.0;15.0;81.0239181519;124.134887695;90.0560531616;160.491668701;144.113098145;160.742553711;129.772644043;94.2337799072;163.395141602;41.1297721863;76.6955795288;104.09552002;157.112823486;160.491668701;84.9332122803
196;16570.0;5.0;1995.0;15.0;125.453094482;164.706756592;124.537200928;147.318267822;153.00668335;176.106521606;137.688842773;151.320632935;150.660949707;125.978546143;66.7361373901;119.524467468;176.204238892;147.318267822;133.087753296
197;16601.0;6.0;1995.0;15.0;132.783905029;172.521591187;136.482070923;236.896911621;193.887512207;161.573867798;223.851638794;156.799087524;217.224105835;103.598602295;100.009651184;241.276321411;168.425338745;236.896911621;139.917007446
198;16631.0;7.0;1995.0;15.0;185.382965088;240.267776489;191.408782959;189.936325073;64.4539794922;133.644943237;118.200241089;238.424255371;166.479797363;196.476730347;172.100585938;113.463684082;196.002426147;189.936325073;201.09475708
199;16662.0;8.0;1995.0;15.0;323.343658447;211.316635132;302.951416016;130.103027344;86.2914276123;182.283554077;109.896446228;419.241516113;149.810089111;392.35748291;300.56539917;79.180015564;243.524475098;130.103027344;351.810913086
200;16693.0;9.0;1995.0;15.0;186.409683228;187.869918823;196.706817627;96.6673965454;96.5928955078;133.025360107;98.4466323853;226.57522583;149.158081055;298.33706665;160.933609009;70.2799987793;164.145874023;96.6673965454;198.201309204
201;16723.0;10.0;1995.0;15.0;121.951202393;128.285095215;103.503341675;149.018997192;90.0633621216;89.8635101318;119.288742065;151.406036377;128.014205933;97.1429290771;54.5171890259;85.4499816895;91.8889083862;149.018997192;130.694015503
202;16754.0;11.0;1995.0;15.0;10.1885223389;20.2938976288;10.5753269196;27.6988601685;33.1293487549;23.4356899261;33.2597389221;5.74281024933;26.045999527;4.05768299103;0.247021213174;37.6199913025;32.3769836426;27.6988601685;8.86755657196
203;16784.0;12.0;1995.0;15.0;6.22014474869;17.2551727295;7.85070085526;17.2452278137;22.1892261505;23.2654514313;18.0538806915;10.1138010025;20.1069488525;0.983522236347;0.521504938602;7.57999801636;22.1631565094;17.2452278137;7.37429618835
204;16815.0;1.0;1996.0;15.0;1.12448966503;0.990876555443;0.885347664356;3.77815294266;5.02089214325;3.47784972191;1.29321205616;1.75108540058;2.87677407265;0.0139744514599;0.0;0.470000058413;0.671939611435;3.77815294266;1.30857253075
205;16846.0;2.0;1996.0;15.0;3.44161748886;24.1846485138;15.0890197754;90.4267501831;67.8237075806;66.2307281494;69.551109314;13.5086250305;69.0136642456;1.34602117538;0.00470993481576;55.0299987793;54.3847389221;90.4267501831;6.4231505394
206;16875.0;3.0;1996.0;15.0;10.2533655167;57.5739250183;23.6241836548;74.2999267578;77.2723388672;98.5007019043;70.3478851318;13.3868713379;84.8825454712;1.27687299252;0.71513324976;47.9699935913;92.7262420654;74.2999267578;11.181479454
207;16906.0;4.0;1996.0;15.0;66.2212219238;93.2596588135;73.0243148804;125.347579956;122.864952087;120.521087646;123.127952576;93.649559021;137.930831909;67.0221176147;29.8439788818;101.159980774;125.988128662;125.347579956;74.3199310303
208;16936.0;5.0;1996.0;15.0;111.464759827;131.558364868;129.309417725;188.527893066;142.414825439;128.592636108;169.943786621;104.533691406;167.540222168;116.067077637;150.084716797;156.149993896;146.661682129;188.527893066;109.356460571
209;16967.0;6.0;1996.0;15.0;185.785583496;212.717971802;203.217376709;251.847549438;216.123352051;200.730789185;266.287872314;186.814697266;235.349121094;225.114379883;188.105041504;331.78427124;213.435455322;251.847549438;186.060562134
210;16997.0;7.0;1996.0;15.0;187.99180603;116.323913574;172.278244019;246.630325317;162.903503418;196.815917969;210.770187378;145.088577271;259.581665039;140.303268433;187.716918945;148.584793091;259.027191162;246.630325317;175.291748047
211;17028.0;8.0;1996.0;15.0;305.717712402;239.966705322;274.017089844;154.817779541;125.869621277;165.000335693;142.157821655;303.552886963;172.858154297;335.305389404;273.587646484;121.37978363;175.393829346;154.817779541;305.122589111
212;17059.0;9.0;1996.0;15.0;198.538085938;130.359649658;197.749389648;81.720741272;39.1906738281;71.9922561646;63.5842552185;237.330993652;154.752700806;282.748352051;214.11114502;35.591255188;127.30381012;81.720741272;209.940917969
213;17089.0;10.0;1996.0;15.0;74.5417861938;84.8996582031;75.8701324463;135.326919556;105.767593384;119.537368774;130.761886597;75.9911880493;109.414291382;76.1839675903;45.6549301147;84.5299758911;107.522132874;135.326919556;74.9403305054
214;17120.0;11.0;1996.0;15.0;0.0317931286991;0.0122562330216;0.682227313519;12.9142408371;3.66329669952;2.59885430336;8.45243549347;0.0649973377585;3.55173254013;0.0005148947821;0.0;16.8500003815;1.16798090935;12.9142408371;0.0415391847491
215;17150.0;12.0;1996.0;15.0;0.00982730090618;0.171509444714;0.268308281898;1.92934608459;2.30453658104;1.82670640945;1.95035338402;0.0210381019861;0.535476863384;0.280268192291;0.0356949418783;1.96999967098;0.391812950373;1.92934608459;0.0127026848495
216;17181.0;1.0;1997.0;15.0;0.671541690826;3.65741634369;4.67832326889;22.4193820953;8.65673446655;13.5040540695;26.9457740784;13.6069221497;18.946975708;0.0992908552289;0.00479142041877;16.4899978638;18.0357761383;22.4193820953;4.52418708801
217;17212.0;2.0;1997.0;15.0;1.39189934731;7.39235258102;3.18577742577;6.06664848328;7.55690765381;12.7438306808;6.34109020233;3.55722904205;8.33914661407;0.733328700066;0.0;0.0100000016391;14.145617485;6.06664848328;2.02941179276
218;17240.0;3.0;1997.0;15.0;67.623336792;87.4421539307;67.1523361206;134.891494751;142.089324951;147.884780884;154.159454346;63.7801399231;101.211364746;31.599811554;46.2802238464;183.740005493;106.076705933;134.891494751;66.520904541
219;17271.0;4.0;1997.0;15.0;92.3837966919;146.101501465;90.1849441528;135.459686279;99.4652938843;110.347984314;131.349227905;107.167755127;172.787689209;61.6997261047;42.0498313904;129.221878052;147.441299438;135.459686279;96.7069473267
220;17301.0;5.0;1997.0;15.0;151.721710205;137.148071289;152.93321228;205.396652222;177.784103394;164.255477905;222.221893311;129.873336792;131.24382019;141.396682739;164.495010376;220.109420776;183.261917114;205.396652222;145.204269409
221;17332.0;6.0;1997.0;15.0;172.791854858;152.294677734;196.99118042;358.818389893;241.122772217;240.334686279;359.600219727;177.869644165;257.893981934;194.643463135;200.124221802;437.428192139;254.853668213;358.818389893;174.297897339
222;17362.0;7.0;1997.0;15.0;154.419189453;139.117248535;154.561569214;124.642997742;90.8243408203;126.831924438;137.695892334;160.720703125;135.92539978;154.009307861;172.221084595;98.3003540039;162.821914673;124.642997742;156.2865448
223;17393.0;8.0;1997.0;15.0;155.735031128;133.196899414;158.438095093;51.4921646118;55.0005187988;87.4223480225;51.3925170898;202.706176758;72.8831787109;177.751113892;193.788619995;53.7099990845;104.87273407;51.4921646118;169.590789795
224;17424.0;9.0;1997.0;15.0;240.833023071;132.638824463;190.235336304;175.329727173;78.0107574463;96.4481048584;153.964401245;238.221694946;152.523986816;232.362411499;159.791641235;145.719970703;118.517051697;175.329727173;240.082138062
225;17454.0;10.0;1997.0;15.0;117.013893127;169.574020386;113.111679077;225.426147461;199.193389893;201.496826172;240.282333374;125.156257629;205.728378296;66.5871353149;44.7697525024;232.219955444;211.434997559;225.426147461;119.429428101
226;17485.0;11.0;1997.0;15.0;1.27239787579;11.118596077;8.02735328674;64.4351272583;33.5193748474;22.4966640472;41.4958076477;5.48077440262;34.7931671143;6.28937339783;0.0115035092458;30.7299957275;17.8867492676;64.4351272583;2.50900959969
227;17515.0;12.0;1997.0;15.0;0.0472829341888;17.9320926666;7.95177078247;26.549118042;32.8487968445;35.3712272644;21.8908615112;0.240825712681;52.1736030579;0.000102702862932;0.0;15.9500007629;47.3609962463;26.549118042;0.104097090662
228;17546.0;1.0;1998.0;15.0;3.92924165726;15.6612815857;4.42743825912;6.37056207657;13.5228424072;7.54104709625;11.2091751099;5.34466648102;3.79124879837;0.611515641212;0.00868710689247;21.5299968719;2.41643071175;6.37056207657;4.34490585327
229;17577.0;2.0;1998.0;15.0;8.92153549194;16.9594211578;6.41502475739;13.6958589554;15.1002626419;16.3544368744;7.87362480164;4.91349220276;8.05741024017;0.434600681067;0.0310014095157;6.7200012207;12.9782094955;13.6958589554;7.74146699905
230;17605.0;3.0;1998.0;15.0;19.3128623962;31.3959255219;12.6252861023;17.3561344147;13.6389904022;23.3708763123;10.008846283;20.79737854;11.4294538498;0.794410765171;0.106712669134;7.15000200272;17.5721073151;17.3561344147;19.7470302582
231;17636.0;4.0;1998.0;15.0;54.4698486328;110.725418091;60.3299179077;78.451713562;67.6292114258;103.088508606;83.4900894165;59.1238822937;71.9249038696;32.7703704834;37.6514434814;60.1700057983;130.228240967;78.451713562;55.8819770813
232;17666.0;5.0;1998.0;15.0;169.498153687;108.845344543;156.014709473;178.703842163;155.339538574;169.749221802;152.335891724;149.483276367;103.298484802;158.651733398;174.714691162;155.910018921;148.749572754;178.703842163;163.560409546
233;17697.0;6.0;1998.0;15.0;265.639007568;177.756744385;211.599349976;164.839920044;146.169616699;161.474319458;156.722320557;238.097351074;123.35962677;199.403091431;213.608703613;163.700042725;163.848526001;164.839920044;257.533569336
234;17727.0;7.0;1998.0;15.0;233.961151123;160.557861328;202.048126221;37.6906509399;42.0377883911;88.8653030396;34.7788772583;266.921325684;82.7661132812;230.814712524;220.764724731;17.5200042725;133.836242676;37.6906509399;243.780410767
235;17758.0;8.0;1998.0;15.0;280.25668335;218.163543701;266.695465088;50.3385162354;56.136920929;93.0408477783;59.3937416077;277.361999512;87.5725097656;325.148132324;340.973236084;32.4099998474;144.18371582;50.3385162354;279.300292969
236;17789.0;9.0;1998.0;15.0;193.697311401;149.813140869;241.277679443;109.405258179;86.8013000488;139.014282227;90.8739929199;218.330337524;149.348815918;447.15423584;253.372177124;60.8999938965;178.828918457;109.405258179;200.794921875
237;17819.0;10.0;1998.0;15.0;115.155303955;147.720596313;102.68196106;124.811325073;121.356376648;133.035827637;136.008422852;136.122741699;144.345230103;96.8659439087;32.7618370056;89.1200180054;149.966949463;124.811325073;121.375801086
238;17850.0;11.0;1998.0;15.0;0.13559782505;11.0851078033;7.65277338028;46.2960662842;53.2680778503;36.4545516968;56.236579895;0.273627579212;40.5512084961;0.000583547458518;0.0;65.8399887085;30.8446598053;46.2960662842;0.174535393715
239;17880.0;12.0;1998.0;15.0;2.69367241859;5.28873109818;2.65955758095;7.32329940796;1.69197332859;2.44226360321;3.15453696251;4.34184408188;17.4884166718;0.0197302270681;0.0099939648062;2.00000023842;5.92441177368;7.32329940796;3.18485736847
240;17911.0;1.0;1999.0;15.0;0.0333517864347;7.60804653168;3.77438306808;11.7046604156;22.1975364685;17.1380348206;13.5281963348;0.472984373569;35.419593811;0.0142667656764;0.0;3.05000042915;13.7654180527;11.7046604156;0.164229288697
241;17942.0;2.0;1999.0;15.0;31.6958084106;47.7457923889;28.4457263947;67.1868438721;44.5582923889;53.2210845947;75.4190444946;49.6439819336;44.5793418884;9.9404296875;0.555943012238;98.1399993896;61.0451393127;67.1868438721;37.0251350403
242;17970.0;3.0;1999.0;15.0;21.4519195557;56.8621749878;29.1923561096;91.1879272461;90.5112838745;95.1643753052;94.6517791748;26.8616905212;79.1543655396;11.3672456741;1.21194791794;58.1300086975;72.6531677246;91.1879272461;23.0300941467
243;18001.0;4.0;1999.0;15.0;53.1264877319;114.756340027;64.9962234497;134.585083008;98.4530487061;93.8658676147;135.153518677;76.3952102661;122.583328247;42.0261268616;33.8123970032;154.209976196;90.832611084;134.585083008;59.9803771973
244;18031.0;5.0;1999.0;15.0;94.9841384888;121.13469696;96.7427978516;160.810592651;107.048545837;117.716194153;158.070358276;90.550491333;115.478286743;65.4085540771;91.8143768311;128.440002441;125.085906982;160.810592651;93.6919326782
245;18062.0;6.0;1999.0;15.0;157.80380249;129.652755737;145.393310547;266.71697998;224.053588867;215.815643311;267.735656738;138.86517334;264.704101562;108.200271606;110.261512756;255.489715576;229.098205566;266.71697998;152.287948608
246;18092.0;7.0;1999.0;15.0;259.713531494;410.357025146;282.575042725;379.246948242;229.786514282;332.456634521;373.655059814;272.482910156;419.43170166;218.903076172;220.640640259;282.540252686;475.232177734;379.246948242;263.38684082
247;18123.0;8.0;1999.0;15.0;211.059036255;262.958099365;254.364486694;134.276107788;126.693649292;184.995422363;134.047286987;283.630554199;236.605743408;291.126342773;290.661010742;53.4125137329;241.804885864;134.276107788;232.561065674
248;18154.0;9.0;1999.0;15.0;260.375213623;147.746658325;260.704772949;109.628166199;98.7143249512;137.339553833;105.04624939;216.013671875;117.222587585;396.836090088;319.679840088;71.5674743652;160.437789917;109.628166199;247.152542114
249;18184.0;10.0;1999.0;15.0;172.412796021;168.919387817;138.985534668;218.911743164;153.168380737;158.643768311;205.391281128;152.303375244;192.909851074;78.5072402954;103.096672058;155.024154663;180.816848755;218.911743164;166.481430054
250;18215.0;11.0;1999.0;15.0;3.18347620964;9.44222450256;8.77143001556;67.3679046631;32.9967536926;37.5447731018;50.9152870178;4.82693910599;40.560344696;0.117231629789;0.0500759854913;39.9759178162;39.4074783325;67.3679046631;3.67347955704
251;18245.0;12.0;1999.0;15.0;0.00356176961213;0.108711063862;0.534926652908;14.1955442429;0.0519065074623;0.25014346838;5.60641050339;0.0330264642835;6.05297470093;1.53571309056e-05;0.0;9.25999927521;0.469435036182;14.1955442429;0.0121779339388
252;18276.0;1.0;2000.0;15.0;5.4375462532;10.6766996384;4.32051897049;5.75047206879;2.8208053112;6.33849859238;5.45812749863;4.96464729309;2.68419456482;2.71978068352;0.215363889933;2.76999950409;6.48470926285;5.75047206879;5.29480457306
253;18307.0;2.0;2000.0;15.0;0.00577024696395;0.336605399847;0.534770905972;4.13859796524;6.69154214859;5.00152873993;4.01903629303;0.0899961814284;2.32978177071;0.0;0.0;2.66000008583;1.09810054302;4.13859796524;0.0307975038886
254;18336.0;3.0;2000.0;15.0;22.1940364838;56.2454185486;24.3336868286;80.4135513306;46.5389137268;44.6346321106;83.1185684204;29.585521698;72.736000061;0.580358862877;0.086773738265;84.0900039673;59.266834259;80.4135513306;24.3757514954
255;18367.0;4.0;2000.0;15.0;48.346496582;94.9836883545;55.2453575134;112.246887207;66.9982528687;88.1354751587;70.202507019;75.0440216064;117.591926575;32.4269638062;23.2018508911;53.1188201904;109.112594604;112.246887207;56.2533912659
256;18397.0;5.0;2000.0;15.0;135.209915161;104.81640625;109.558631897;124.540260315;115.039199829;120.852653503;119.250793457;100.913116455;120.046783447;96.674911499;94.1753997803;115.831169128;121.580940247;124.540260315;125.12840271
257;18428.0;6.0;2000.0;15.0;161.812713623;157.988433838;157.71031189;160.000610352;121.577949524;152.280593872;137.148727417;146.930755615;128.029144287;155.495758057;168.166030884;129.959991455;162.067749023;160.000610352;157.388214111
258;18458.0;7.0;2000.0;15.0;237.808197021;178.375778198;201.204818726;135.304794312;73.4344024658;132.462677002;116.833053589;229.250473022;246.61340332;159.976348877;215.369735718;73.7300033569;240.556594849;135.304794312;235.40838623
259;18489.0;8.0;2000.0;15.0;223.377090454;179.50378418;208.240097046;127.599876404;107.34992981;133.050308228;115.983604431;237.176879883;151.69708252;226.99822998;225.118606567;70.0669174194;175.3671875;127.599876404;227.523605347
260;18520.0;9.0;2000.0;15.0;250.112197876;221.8644104;214.684158325;207.884216309;87.9190673828;138.351135254;131.805938721;208.506652832;179.563400269;238.010345459;198.61000061;113.253067017;178.302825928;207.884216309;237.833877563
261;18550.0;10.0;2000.0;15.0;77.5097351074;96.9348144531;74.0684738159;111.057891846;88.6264419556;116.646255493;120.529655457;83.7301254272;105.225646973;69.0285110474;33.8904380798;76.6499786377;115.071601868;111.057891846;79.3566894531
262;18581.0;11.0;2000.0;15.0;0.376396030188;0.0745532363653;3.20347976685;40.5735168457;33.0976600647;19.9373493195;37.1263122559;0.731499671936;12.6848602295;0.000318632170092;0.0;43.4100036621;4.58045864105;40.5735168457;0.480459451675
263;18611.0;12.0;2000.0;15.0;0.00456070248038;0.132900133729;0.232444852591;2.01312685013;1.92895483971;1.52484273911;1.04868769646;0.182126045227;1.61161720753;0.0;0.0;1.51000010967;0.767025709152;2.01312685013;0.0574858412147
264;18642.0;1.0;2001.0;15.0;0.294695794582;2.99128127098;0.91638302803;3.58263611794;0.100809700787;0.0544170625508;1.20424473286;3.58985185623;1.11037969589;0.0;0.0;2.29000020027;0.172255426645;3.58263611794;1.27397990227
265;18673.0;2.0;2001.0;15.0;0.230119004846;5.09304618835;1.71620213985;10.2862319946;7.80532312393;6.90560007095;8.45934677124;0.26090618968;7.08129119873;0.0;0.0;3.08000040054;4.71047687531;10.2862319946;0.238274857402
266;18701.0;3.0;2001.0;15.0;2.33975124359;33.715637207;13.379237175;49.1075897217;61.576713562;71.4762954712;39.9217720032;6.53974151611;45.7826728821;0.975244402885;0.824180364609;35.8299980164;50.3200035095;49.1075897217;3.57666277885
267;18732.0;4.0;2001.0;15.0;48.6062164307;116.273971558;62.6205482483;157.291687012;177.827224731;155.247467041;172.114044189;54.4178009033;166.465499878;17.5300292969;17.5170326233;153.380004883;173.259872437;157.291687012;50.3244514465
268;18762.0;5.0;2001.0;15.0;108.410614014;140.163619995;125.117485046;189.086746216;160.775390625;164.071166992;175.337051392;109.48928833;133.381103516;114.327850342;126.43447113;154.019989014;152.723693848;189.086746216;108.691009521
269;18793.0;6.0;2001.0;15.0;164.817260742;177.674026489;156.055160522;209.803421021;220.605484009;202.687362671;223.632919312;168.317382812;190.110183716;112.681442261;138.143173218;196.50831604;173.636199951;209.803421021;165.879196167
270;18823.0;7.0;2001.0;15.0;135.319290161;75.4511871338;167.86895752;117.848625183;36.2351303101;59.763633728;65.074798584;180.0337677;95.5260543823;242.343399048;244.392868042;45.3316078186;93.2363510132;117.848625183;148.471618652
271;18854.0;8.0;2001.0;15.0;265.883728027;86.409942627;205.680221558;20.8255310059;23.4460678101;34.7981758118;20.3944473267;252.857955933;27.7629013062;226.496917725;289.380126953;9.85000038147;41.4303207397;20.8255310059;262.102874756
272;18885.0;9.0;2001.0;15.0;277.502319336;227.175262451;230.256942749;156.820144653;144.192428589;189.901260376;162.186721802;268.168151855;187.814193726;262.849212646;175.370635986;122.915351868;207.482833862;156.820144653;274.729644775
273;18915.0;10.0;2001.0;15.0;45.0972061157;52.1123847961;38.8349533081;79.7716369629;74.1131286621;88.2138290405;90.1142501831;27.1447715759;79.0104370117;11.7623500824;24.2634334564;62.1346321106;78.0616455078;79.7716369629;39.7841148376
274;18946.0;11.0;2001.0;15.0;0.0442565344274;4.94420957565;3.28582906723;27.3959770203;19.1367435455;12.3113365173;22.4076251984;0.0808774456382;26.6012058258;0.00020595791284;0.0;22.5300045013;9.72957038879;27.3959770203;0.0546262413263
275;18976.0;12.0;2001.0;15.0;0.0;0.125696673989;0.335465788841;5.38496446609;3.31560468674;2.67380642891;2.20426416397;0.0256033260375;2.19226145744;0.0556006729603;0.0;3.68000102043;0.301350474358;5.38496446609;0.007453863509
276;19007.0;1.0;2002.0;15.0;0.542597949505;12.5955877304;4.68451499939;20.5955677032;14.9792032242;17.7699737549;28.6601905823;1.00700056553;12.7699489594;4.82119730805e-06;0.0;25.4299983978;21.5204486847;20.5955677032;0.678999185562
277;19038.0;2.0;2002.0;15.0;0.0204643923789;0.8455067873;1.40454769135;9.19147491455;11.6581430435;10.7067956924;4.78508424759;0.0900145769119;15.3074560165;0.0;0.0;3.39999985695;4.98176002502;9.19147491455;0.0413599945605
278;19066.0;3.0;2002.0;15.0;42.6244010925;68.5754013062;42.7748222351;70.9962844849;54.1589660645;71.911895752;56.9264640808;56.0989875793;91.263885498;32.8664665222;10.1593723297;44.5999946594;85.8439483643;70.9962844849;46.6238861084
279;19097.0;4.0;2002.0;15.0;45.3194732666;102.712211609;69.8985824585;206.024520874;149.625808716;164.688980103;188.297637939;77.9214248657;190.843414307;60.7126350403;12.6739091873;146.179977417;157.588973999;206.024520874;54.9680328369
280;19127.0;5.0;2002.0;15.0;122.939102173;129.950408936;118.960975647;109.333709717;101.51411438;126.085441589;103.052482605;127.745834351;104.976547241;104.845001221;117.214927673;95.2600250244;135.794799805;109.333709717;124.382156372
281;19158.0;6.0;2002.0;15.0;151.622558594;147.058746338;168.023071289;307.615356445;261.051452637;229.004348755;319.308227539;136.132278442;218.699691772;136.035202026;184.844543457;371.520050049;193.721328735;307.615356445;147.003829956
282;19188.0;7.0;2002.0;15.0;151.635345459;218.798965454;194.846664429;218.413330078;187.381011963;237.125915527;203.460662842;182.471603394;222.817214966;169.852920532;227.619094849;130.279907227;263.352081299;218.413330078;160.726745605
283;19219.0;8.0;2002.0;15.0;309.711975098;167.697067261;225.477294922;45.9551582336;30.180814743;78.7501831055;44.2886238098;250.358947754;65.0763092041;251.223587036;243.912872314;20.8300666809;110.884628296;45.9551582336;292.162231445
284;19250.0;9.0;2002.0;15.0;248.954162598;119.595901489;188.101379395;84.0817871094;67.6676559448;97.5476531982;78.2219161987;248.077072144;93.0577011108;220.076004028;177.820404053;52.9028396606;108.776176453;84.0817871094;248.750869751
285;19280.0;10.0;2002.0;15.0;109.381828308;177.311035156;137.551239014;198.631118774;182.373001099;193.8644104;223.911514282;140.794631958;187.210159302;180.973464966;68.1892852783;184.827163696;196.727035522;198.631118774;118.693138123
286;19311.0;11.0;2002.0;15.0;1.34316825867;13.7185544968;9.68630695343;46.944480896;72.4766693115;70.479850769;56.2922897339;2.89429044724;29.2984886169;0.00690077012405;0.000670182053;46.2400054932;40.4364356995;46.944480896;1.8019939661
287;19341.0;12.0;2002.0;15.0;0.00240255752578;0.189206123352;0.687758207321;2.93452429771;3.90800905228;11.7948665619;0.951171636581;0.0320797227323;1.29172432423;0.0637775212526;0.0190442670137;0.720000088215;4.98030662537;2.93452429771;0.0110486689955
288;19372.0;1.0;2003.0;15.0;3.95454859734;6.21509408951;6.23923492432;44.3650665283;35.4961509705;25.8490028381;43.4961242676;3.7324180603;23.8819904327;0.0995861515403;0.0;55.7400016785;15.2849187851;44.3650665283;3.89890551567
289;19403.0;2.0;2003.0;15.0;15.7464437485;21.1224937439;14.2205858231;45.0097389221;36.8631401062;36.0697212219;38.8814544678;13.9194641113;35.1031188965;5.3198390007;3.13557386398;40.5299987793;25.3344554901;45.0097389221;15.2231225967
290;19431.0;3.0;2003.0;15.0;12.7733182907;8.68477344513;17.3239955902;28.7865695953;48.8605003357;28.2580051422;45.4063186646;16.7417182922;23.7290248871;22.0869636536;15.2608013153;33.9699935913;15.5052156448;28.7865695953;13.9443807602
291;19462.0;4.0;2003.0;15.0;63.9061279297;109.280464172;93.826461792;215.767669678;233.6822052;246.472839355;251.928222656;82.0684890747;167.707458496;78.3023986816;47.1621170044;303.270141602;225.16847229;215.767669678;69.2710494995
292;19492.0;5.0;2003.0;15.0;107.009643555;116.709999084;126.094367981;108.053871155;83.2415084839;66.8235626221;96.3301239014;119.728347778;107.922073364;166.840393066;145.223510742;86.3397445679;80.7507324219;108.053871155;110.721595764
293;19523.0;6.0;2003.0;15.0;226.831542969;252.421829224;205.295257568;251.859527588;189.786621094;196.459503174;221.176239014;220.245651245;259.611785889;183.796325684;158.651870728;222.200210571;220.840164185;251.859527588;224.863861084
294;19553.0;7.0;2003.0;15.0;172.044464111;187.652099609;198.351165771;87.1025085449;102.941726685;155.81036377;71.8824691772;256.764373779;106.488578796;194.715927124;258.533843994;23.5100040436;166.615005493;87.1025085449;197.062957764
295;19584.0;8.0;2003.0;15.0;304.277526855;196.116943359;269.899017334;32.2150382996;19.1832904816;43.3092384338;24.060344696;369.378997803;93.7936782837;288.773223877;357.475463867;13.7999992371;88.6466217041;32.2150382996;323.605438232
296;19615.0;9.0;2003.0;15.0;227.210968018;280.301177979;258.889648438;204.191299438;125.828109741;180.808288574;204.965332031;271.737091064;245.770614624;330.590362549;239.302261353;132.349990845;282.398498535;204.191299438;240.327011108
297;19645.0;10.0;2003.0;15.0;108.42792511;158.477050781;90.8923797607;225.453155518;105.365890503;112.417449951;227.699203491;127.054580688;178.524383545;38.9353141785;18.7361812592;211.879943848;130.093917847;225.453155518;113.975708008
298;19676.0;11.0;2003.0;15.0;11.2349920273;33.7577705383;19.6740150452;69.7414321899;69.5246429443;66.9708557129;69.392616272;15.1485977173;42.8212928772;16.9839630127;0.227383956313;43.2099914551;45.8633117676;69.7414321899;12.365776062
299;19706.0;12.0;2003.0;15.0;0.0;0.440812468529;1.09586369991;7.44976854324;10.2504730225;8.06588077545;7.44787025452;0.0368938148022;9.78133201599;0.14760068059;0.0;2.02999997139;2.8748319149;7.44976854324;0.0105981035158
300;19737.0;1.0;2004.0;15.0;37.1046524048;46.7132606506;32.0046386719;80.6139602661;42.898765564;51.4077987671;55.1864318848;30.5683670044;97.3980026245;23.7064971924;4.2422246933;33.1800003052;67.0945892334;80.6139602661;35.1634788513
301;19768.0;2.0;2004.0;15.0;1.47022294998;21.8392562866;7.53541183472;24.0628318787;25.8275184631;24.0280208588;25.7115879059;5.27804946899;20.3868598938;1.98195695877;0.309699267149;30.9899978638;24.014509201;24.0628318787;2.59455180168
302;19797.0;3.0;2004.0;15.0;22.9031429291;41.0759353638;22.4155273438;69.4766235352;78.4395828247;63.9354248047;66.8885269165;14.3632164001;56.8857383728;3.36176013947;6.18799686432;30.8299980164;46.9034461975;69.4766235352;20.3968734741
303;19828.0;4.0;2004.0;15.0;77.3481826782;137.69128418;77.2980957031;107.191825867;88.984664917;99.2329788208;81.3403701782;100.585990906;109.186080933;54.9111061096;38.8977775574;89.1299972534;98.6801605225;107.191825867;84.2383041382
304;19858.0;5.0;2004.0;15.0;129.330474854;194.257095337;158.776123047;270.335571289;232.533569336;232.859268188;256.092498779;134.857086182;237.825119019;110.246047974;158.661819458;298.014404297;252.826309204;270.335571289;130.972732544
305;19889.0;6.0;2004.0;15.0;175.799423218;132.533309937;155.563583374;203.735580444;136.065093994;154.585174561;179.826797485;159.25579834;165.297180176;125.788879395;160.851211548;188.639266968;176.562164307;203.735580444;170.893066406
306;19919.0;7.0;2004.0;15.0;270.640686035;247.922454834;252.906341553;141.475906372;95.0121765137;154.324813843;122.249031067;277.308044434;139.131057739;286.238433838;263.143890381;100.481521606;222.670623779;141.475906372;272.648925781
307;19950.0;8.0;2004.0;15.0;225.413909912;174.670608521;216.446563721;54.6560668945;76.1410980225;123.600318909;72.2796478271;223.727203369;81.0934066772;323.096801758;219.780395508;49.2249107361;135.820678711;54.6560668945;224.830337524
308;19981.0;9.0;2004.0;15.0;264.604431152;142.007736206;224.163467407;287.957550049;243.404754639;229.165863037;290.662872314;204.072341919;215.588439941;249.585494995;205.787445068;338.170013428;219.94493103;287.957550049;246.683883667
309;20011.0;10.0;2004.0;15.0;38.9639396667;135.614562988;61.6110267639;188.015350342;176.858108521;151.549331665;219.996734619;45.9245147705;155.619628906;19.7407226562;10.7896537781;203.550003052;158.426010132;188.015350342;40.9919967651
310;20042.0;11.0;2004.0;15.0;33.9899978638;27.2726840973;29.057849884;28.4019412994;27.8549499512;25.9757270813;32.34998703;51.1160545349;19.5983848572;48.3304901123;3.49680757523;36.689994812;18.9688148499;28.4019412994;39.0358276367
311;20072.0;12.0;2004.0;15.0;1.31462144852;2.88094162941;0.866568863392;0.595182597637;2.70843887329;1.9624890089;0.927169680595;0.874557614326;0.125942721963;0.0653372183442;0.0104698678479;0.879999935627;0.440481305122;0.595182597637;1.17966115475
312;20103.0;1.0;2005.0;15.0;0.155993565917;0.188876584172;0.611504733562;0.720855176449;0.147897139192;0.199774622917;0.000851540302392;1.63128948212;0.217721864581;1.8072334528;0.120154060423;0.0;0.176784753799;0.720855176449;0.592018902302
313;20134.0;2.0;2005.0;15.0;3.24210309982;35.7741355896;15.7345914841;34.4994087219;25.7842559814;34.7198219299;28.9813957214;16.8990097046;29.4190998077;17.6851196289;0.646689653397;17.8700008392;54.3523368835;34.4994087219;7.28187942505
314;20162.0;3.0;2005.0;15.0;43.0602226257;56.3606491089;48.2982139587;156.972198486;116.2604599;101.977310181;140.82194519;62.4941101074;149.643920898;33.7161979675;8.30174064636;117.680000305;90.0004119873;156.972198486;48.8233909607
315;20193.0;4.0;2005.0;15.0;66.0265808105;117.736953735;63.8036346436;118.467277527;77.7304458618;99.4024276733;96.0221405029;74.7328491211;128.656402588;41.362865448;14.9744939804;85.6999893188;123.097351074;118.467277527;68.6181716919
316;20223.0;5.0;2005.0;15.0;101.985046387;109.610595703;113.778770447;226.717437744;160.600845337;169.113998413;225.947738647;98.0805282593;188.793624878;105.591674805;90.1104888916;230.199966431;187.502365112;226.717437744;100.815879822
317;20254.0;6.0;2005.0;15.0;142.871002197;169.871795654;170.16973877;184.917816162;110.354751587;139.149215698;181.091506958;206.421401978;156.96887207;162.39906311;189.697738647;228.949981689;188.285675049;184.917816162;161.669250488
318;20284.0;7.0;2005.0;15.0;232.030807495;140.910293579;230.905715942;94.5757598877;74.159034729;91.5375595093;86.8395385742;252.466949463;90.5340957642;314.064605713;287.584014893;84.9699859619;134.091629028;94.5757598877;237.988311768
319;20315.0;8.0;2005.0;15.0;144.028686523;116.895256042;165.665863037;63.0452232361;60.1308555603;68.2210693359;58.9783973694;148.854614258;62.6479644775;218.71534729;244.006942749;50.8400039673;75.3125686646;63.0452232361;145.386978149
320;20346.0;9.0;2005.0;15.0;195.176498413;149.167388916;178.510559082;152.589706421;119.224838257;175.72618103;109.523254395;186.400665283;174.599105835;177.290435791;192.860809326;61.230014801;170.640914917;152.589706421;192.580307007
321;20376.0;10.0;2005.0;15.0;94.6145095825;70.4494934082;80.472114563;132.646987915;106.00933075;109.476455688;133.187210083;92.2260971069;115.406890869;76.3795089722;48.1438064575;97.5165405273;104.387817383;132.646987915;93.9216766357
322;20407.0;11.0;2005.0;15.0;2.49195981026;15.1952266693;8.85706424713;49.4054641724;56.356212616;51.6669845581;53.8161849976;5.48782253265;21.7258815765;0.0;0.0;43.0834617615;27.5553035736;49.4054641724;3.3692035675
323;20437.0;12.0;2005.0;15.0;0.0129245137796;2.57042145729;1.70231759548;13.9057188034;11.7568664551;10.638379097;10.4776268005;0.0489845424891;8.40832996368;0.0484193153679;0.0;7.12999916077;6.02614068985;13.9057188034;0.0234829653054
324;20468.0;1.0;2006.0;15.0;3.7037923336;29.7782402039;8.08821582794;10.0373497009;12.2928533554;21.810459137;8.84796619415;6.49382066727;23.035654068;0.0881770849228;0.211524456739;0.229999989271;28.2547779083;10.0373497009;4.5275812149
325;20499.0;2.0;2006.0;15.0;11.7935752869;4.16490983963;7.30786991119;3.05348420143;8.39426803589;8.67200946808;3.64109826088;13.8253898621;6.14803266525;9.3503446579;0.897135972977;0.0299999974668;7.02978229523;3.05348420143;12.4002285004
326;20527.0;3.0;2006.0;15.0;2.11824131012;43.9915275574;22.2822742462;89.6359786987;122.248344421;125.686195374;96.9155578613;7.26238679886;82.2115783691;0.170749783516;0.298542410135;67.9599761963;110.280181885;89.6359786987;3.64003801346
327;20558.0;4.0;2006.0;15.0;37.7776794434;92.0882339478;41.6367378235;63.2236785889;55.5679244995;65.0304870605;57.467628479;31.6348228455;96.8184509277;19.1802253723;19.548210144;49.0099983215;84.3264007568;63.2236785889;35.9352264404
328;20588.0;5.0;2006.0;15.0;118.297988892;214.384475708;141.7550354;266.766937256;239.175537109;268.313964844;224.88633728;118.469985962;295.719329834;98.6584854126;84.3774108887;172.680053711;304.653289795;266.766937256;118.335350037
329;20619.0;6.0;2006.0;15.0;116.858703613;117.3490448;122.704925537;243.343002319;157.280975342;177.41569519;233.725799561;79.8796768188;178.400115967;90.6928787231;126.482574463;254.100006104;194.797424316;243.343002319;105.904762268
330;20649.0;7.0;2006.0;15.0;141.835418701;89.1986618042;132.983657837;87.5729751587;59.1921882629;56.4843177795;80.3190460205;117.519798279;56.0031700134;111.622566223;218.08934021;109.582618713;51.6007232666;87.5729751587;134.666259766
331;20680.0;8.0;2006.0;15.0;220.131454468;189.807662964;215.868331909;47.0626487732;35.6056137085;74.355682373;36.3148498535;234.91835022;99.047454834;240.570114136;289.613342285;10.8173894882;113.332321167;47.0626487732;224.483413696
332;20711.0;9.0;2006.0;15.0;231.332962036;233.087875366;244.845504761;228.406677246;186.763580322;211.546325684;209.268554688;235.332565308;250.954162598;304.204345703;234.564453125;175.689956665;244.081817627;228.406677246;232.425460815
333;20741.0;10.0;2006.0;15.0;111.654090881;91.9543991089;94.067024231;157.460952759;137.802658081;138.115493774;151.951889038;105.900367737;134.804840088;75.6679153442;57.9271774292;128.630020142;131.162612915;157.460952759;109.967170715
334;20772.0;11.0;2006.0;15.0;4.6947350502;14.0123472214;8.7933807373;57.8925323486;31.5348396301;32.8468360901;41.4095344543;1.11149764061;46.3397598267;7.26273865439e-05;0.661287546158;31.4100055695;33.8222808838;57.8925323486;3.63162851334
335;20802.0;12.0;2006.0;15.0;0.0340391620994;0.171034947038;0.078271895647;0.0;1.56193184853;0.516792058945;0.0605482794344;0.0395384579897;0.223852559924;0.0065473630093;0.0;0.0;0.00236053531989;0.0;0.0353908501565
336;20833.0;1.0;2007.0;15.0;0.0878457725048;1.7921037674;0.339700907469;0.0;0.0;0.742027282715;0.0;0.202081739902;0.439007610083;0.0;0.0;0.0;1.15388989449;0.0;0.120991393924
337;20864.0;2.0;2007.0;15.0;10.9342956543;13.6448602676;6.62576007843;5.38007497787;12.429476738;16.0193386078;9.93696784973;5.77552843094;8.18597221375;0.706225693226;0.385245025158;7.75999879837;14.2702741623;5.38007497787;9.4102191925
338;20892.0;3.0;2007.0;15.0;3.33720111847;25.677066803;19.9885787964;68.7510223389;60.2422637939;57.6665000916;75.4816055298;31.5318908691;47.9035263062;21.7379493713;2.11493706703;71.2100067139;48.8861236572;68.7510223389;11.6792984009
339;20923.0;4.0;2007.0;15.0;93.1634597778;112.140541077;74.5606231689;59.4633674622;74.6988296509;80.1505584717;64.2492904663;110.206787109;78.552482605;65.5048522949;27.2650299072;65.917388916;82.7005233765;59.4633674622;98.2304000854
340;20953.0;5.0;2007.0;15.0;196.971221924;224.301086426;172.934814453;216.974700928;164.861679077;208.764709473;186.336395264;160.838760376;251.5572052;134.405578613;124.843009949;145.062591553;260.287536621;216.974700928;186.28994751
341;20984.0;6.0;2007.0;15.0;187.992675781;166.456329346;186.171447754;342.765686035;225.8644104;173.87677002;319.772857666;112.211853027;255.638931274;147.474761963;226.388183594;384.920074463;172.411529541;342.765686035;165.519485474
342;21014.0;7.0;2007.0;15.0;128.799987793;240.392745972;203.261749268;245.258270264;218.94090271;282.529388428;246.868728638;176.926071167;237.340209961;205.862533569;221.156860352;219.460113525;319.932830811;245.258270264;143.003265381
343;21045.0;8.0;2007.0;15.0;254.432861328;223.216796875;264.246856689;93.8202667236;103.110519409;152.423095703;90.4702758789;286.864990234;143.087524414;313.491668701;330.384307861;54.5748710632;183.389877319;93.8202667236;263.992431641
344;21076.0;9.0;2007.0;15.0;260.555938721;260.198760986;235.224685669;203.575134277;213.131439209;280.217590332;194.084243774;270.018127441;236.538909912;266.330963135;148.388168335;141.645080566;299.421142578;203.575134277;263.348724365
345;21106.0;10.0;2007.0;15.0;82.8315353394;84.2272567749;76.2525253296;261.017059326;226.684448242;195.302200317;252.294082642;71.8207550049;186.393829346;46.5317573547;7.76430130005;248.830001831;163.389587402;261.017059326;79.5788269043
346;21137.0;11.0;2007.0;15.0;3.78637123108;14.3506565094;9.71561717987;49.4348449707;34.422039032;32.3808822632;43.7751579285;2.50414347649;35.9729995728;6.49795007706;1.54295527935;38.9700050354;29.9382476807;49.4348449707;3.39745378494
347;21167.0;12.0;2007.0;15.0;2.24045014381;7.44168424606;6.063829422;54.0931663513;28.6613903046;23.2254810333;47.2073974609;1.6471799612;27.5477142334;0.751380980015;0.247148185968;63.8799934387;13.3135099411;54.0931663513;2.06498360634
348;21198.0;1.0;2008.0;15.0;0.0870788246393;1.90127837658;1.44119381905;4.81479215622;23.8905315399;13.2050514221;8.01363563538;0.197579070926;2.08990859985;0.0;0.0;10.3500003815;3.31072592735;4.81479215622;0.119115710258
349;21229.0;2.0;2008.0;15.0;2.00127696991;25.4184055328;5.72664546967;9.35496997833;8.99882316589;9.88922405243;7.81960725784;2.76128220558;23.5098648071;0.0;0.0;4.21999931335;14.0646772385;9.35496997833;2.21722412109
350;21258.0;3.0;2008.0;15.0;12.9804563522;29.0893993378;25.5107078552;103.43397522;73.0511169434;79.8401641846;99.5754165649;35.8646469116;74.1526107788;15.1499261856;2.23394298553;88.0899810791;76.0614852905;103.43397522;19.7639465332
351;21289.0;4.0;2008.0;15.0;51.1598472595;51.554813385;44.857963562;73.6938018799;52.7762832642;55.7720794678;65.6955490112;57.9982872009;72.1343917847;38.0557441711;22.9033756256;68.4300079346;59.7898483276;73.6938018799;53.1934318542
352;21319.0;5.0;2008.0;15.0;202.429092407;155.67539978;179.930923462;250.179428101;177.353759766;146.393615723;232.464706421;168.394454956;203.684539795;143.21194458;202.916320801;261.212036133;145.174850464;250.179428101;192.386260986
353;21350.0;6.0;2008.0;15.0;238.327514648;245.702758789;210.43649292;346.344085693;261.124237061;246.309906006;330.769256592;233.659286499;288.37991333;165.773147583;141.576416016;361.98236084;261.307220459;346.344085693;236.995254517
354;21380.0;7.0;2008.0;15.0;239.753585815;267.177612305;247.739257812;288.380645752;179.440734863;284.502990723;230.980285645;247.155609131;313.774963379;241.839080811;217.099899292;162.525558472;381.601806641;288.380645752;241.960510254
355;21411.0;8.0;2008.0;15.0;222.446411133;190.040893555;232.191268921;71.4949951172;44.2520713806;86.0263748169;48.5487098694;172.055282593;126.181282043;320.821929932;310.790924072;15.9800024033;134.394866943;71.4949951172;207.408462524
356;21442.0;9.0;2008.0;15.0;297.772674561;221.882949829;254.51133728;197.49520874;120.608215332;159.089431763;170.913345337;229.952545166;209.130355835;301.209472656;252.735244751;155.427963257;196.014282227;197.49520874;277.644744873
357;21472.0;10.0;2008.0;15.0;84.0382461548;95.2029037476;80.8713226318;155.605392456;141.271621704;130.858627319;149.105270386;96.3717346191;138.41809082;60.6022834778;44.7624168396;131.41204834;116.569572449;155.605392456;87.685798645
358;21503.0;11.0;2008.0;15.0;0.627715229988;2.57618165016;4.55980682373;44.0346450806;13.3762149811;17.9328517914;27.8747901917;0.0;31.9752693176;0.0;0.945757985115;16.1900024414;25.8172092438;44.0346450806;0.442520648241
359;21533.0;12.0;2008.0;15.0;17.1546592712;14.663485527;10.2027177811;21.2274971008;32.7747917175;26.4021530151;16.8540859222;10.7735061646;16.6421737671;1.64807724953;1.40354955196;20.030002594;13.4048433304;21.2274971008;15.2768268585
360;21564.0;1.0;2009.0;15.0;3.97297048569;48.2819252014;10.5963001251;10.7546548843;9.75869464874;20.0046062469;7.05054235458;7.83860301971;31.4793663025;0.0;0.0;0.30999994278;28.9195270538;10.7546548843;5.10831832886
361;21595.0;2.0;2009.0;15.0;1.90094053745;27.7783546448;10.8897619247;26.0170459747;25.4457740784;40.4919166565;27.4275341034;9.53989219666;39.2473983765;1.37379181385;0.0841695144773;7.75999975204;55.1829071045;26.0170459747;4.15943384171
362;21623.0;3.0;2009.0;15.0;18.2136230469;47.0372505188;19.5872612;44.8318023682;47.620677948;48.9779663086;43.4082565308;15.3943271637;44.6317672729;2.90543699265;4.90625286102;34.1899986267;41.9619674683;44.8318023682;17.3785324097
363;21654.0;4.0;2009.0;15.0;40.9788589478;127.893424988;84.6635971069;183.394470215;149.997360229;177.962921143;199.494155884;124.169876099;170.452774048;90.3448867798;15.2687320709;190.330001831;206.097915649;183.394470215;65.5893783569
364;21684.0;5.0;2009.0;15.0;87.3358230591;110.153694153;85.4819717407;156.48991394;154.27444458;161.827606201;154.249084473;78.2667236328;146.799713135;53.06508255;50.3864631653;136.509963989;172.739898682;156.48991394;84.678024292
365;21715.0;6.0;2009.0;15.0;170.403289795;159.759078979;196.164352417;466.122497559;295.919250488;254.949081421;444.17010498;161.124908447;318.860534668;207.111495972;168.064865112;527.710083008;235.870361328;466.122497559;167.62449646
366;21745.0;7.0;2009.0;15.0;218.589767456;220.941146851;214.745681763;168.334594727;128.641586304;164.695648193;170.652618408;249.602340698;164.911178589;220.882705688;215.829818726;172.571960449;197.085845947;168.334594727;227.794265747
367;21776.0;8.0;2009.0;15.0;301.069213867;161.728622437;260.223907471;37.3986854553;66.7961273193;106.37260437;47.093711853;350.141571045;63.9406318665;355.578582764;275.276062012;18.423997879;122.990631104;37.3986854553;315.606384277
368;21807.0;9.0;2009.0;15.0;240.542373657;128.224121094;193.720809937;75.6654663086;75.8682327271;120.460212708;69.161895752;194.270080566;98.5738220215;250.71913147;196.651077271;34.374004364;141.111785889;75.6654663086;226.813034058
369;21837.0;10.0;2009.0;15.0;150.564651489;82.7091827393;100.169326782;165.82925415;62.4944572449;85.3691329956;105.48752594;84.6644058228;157.814208984;81.9844741821;73.3163757324;69.2800064087;108.95249176;165.82925415;131.07824707
370;21868.0;11.0;2009.0;15.0;21.8685493469;18.091501236;21.912437439;56.5595588684;43.1791877747;34.9207839966;56.3898582458;27.2429542542;34.7185821533;28.9677886963;4.83610343933;59.9400024414;27.7523059845;56.5595588684;23.4497928619
371;21898.0;12.0;2009.0;15.0;2.96589303017;0.621151089668;1.07163321972;0.000843867834192;1.27969908714;0.400226503611;0.0524564869702;2.06378889084;0.109380856156;0.472003906965;0.0533036664128;0.00132871896494;0.0023217308335;0.000843867834192;2.6995716095
372;21929.0;1.0;2010.0;15.0;0.127803906798;3.29266786575;1.54192090034;11.4922122955;2.73452544212;5.36887550354;4.30029821396;0.291503936052;12.4977769852;0.0;0.0;3.99999928474;7.44708871841;11.4922122955;0.175505205989
373;21960.0;2.0;2010.0;15.0;1.9348076582;8.8050775528;5.83406877518;19.5413379669;31.2554073334;30.1647605896;17.6621055603;6.87195634842;20.494222641;0.521754860878;0.0828737467527;9.42000198364;24.5830574036;19.5413379669;3.39875912666
374;21988.0;3.0;2010.0;15.0;7.43771886826;80.5743408203;30.5879936218;115.111427307;105.362945557;115.10736084;122.860496521;17.8547687531;104.964958191;0.460066139698;1.0542755127;107.319992065;116.405593872;115.111427307;10.5154438019
375;22019.0;4.0;2010.0;15.0;91.2987747192;75.2023162842;65.5171966553;72.5062255859;65.0135498047;77.4076461792;63.4556503296;95.0265884399;88.8678970337;61.0765457153;17.1222934723;46.439994812;92.1265411377;72.5062255859;92.4233856201
376;22049.0;5.0;2010.0;15.0;164.191177368;136.587524414;155.982315063;182.66003418;156.760421753;149.139358521;182.589782715;121.903877258;157.094512939;124.414115906;195.986755371;195.733062744;147.933746338;182.66003418;151.68006897
377;22080.0;6.0;2010.0;15.0;226.264038086;105.337287903;189.066116333;377.712188721;226.054550171;169.460357666;364.181427002;173.741195679;235.139541626;173.864700317;186.483825684;451.410888672;152.107803345;377.712188721;210.742324829
378;22110.0;7.0;2010.0;15.0;145.400802612;138.239608765;160.108642578;224.850982666;170.546157837;190.733734131;241.015823364;175.703231812;169.620178223;147.042877197;161.09576416;244.695892334;213.373168945;224.850982666;154.411392212
379;22141.0;8.0;2010.0;15.0;261.261535645;261.557617188;245.085494995;128.69631958;124.908042908;147.94480896;103.834251404;290.194671631;199.873214722;261.054931641;248.003570557;67.7300338745;183.796722412;128.69631958;269.797424316
380;22172.0;9.0;2010.0;15.0;262.046264648;272.568237305;231.469284058;301.129455566;243.170928955;296.216522217;304.445983887;301.293640137;302.525726318;202.827575684;120.887733459;255.870025635;348.741546631;301.129455566;273.722625732
381;22202.0;10.0;2010.0;15.0;112.2135849;143.217697144;136.216217041;184.431442261;154.642089844;162.97618103;190.693267822;114.875732422;161.490371704;101.695899963;171.151550293;183.60055542;162.835372925;184.431442261;112.976089478
382;22233.0;11.0;2010.0;15.0;9.98533535004;34.447429657;22.3598060608;111.696800232;143.854629517;113.723815918;112.043273926;7.13168382645;79.8681793213;2.97972345352;1.08710384369;110.739456177;68.6274642944;111.696800232;9.13527107239
383;22263.0;12.0;2010.0;15.0;0.201551169157;1.26113510132;2.87046003342;39.4676094055;16.9587688446;9.66364574432;27.526052475;0.0412575230002;27.7543735504;0.0;0.0;35.7499961853;4.66924190521;39.4676094055;0.15482737124
384;22294.0;1.0;2011.0;15.0;0.104537554085;1.73156607151;0.497674137354;2.21673297882;0.701156616211;0.609487354755;3.26265954971;0.273959577084;1.42520701885;0.00242102076299;0.0;7.40000104904;1.0828744173;2.21673297882;0.153996840119
385;22325.0;2.0;2011.0;15.0;29.2576541901;62.2252006531;44.6143074036;163.178359985;128.557739258;142.285583496;177.646392822;23.8433322906;130.991195679;20.7180461884;10.0416526794;164.880004883;147.895599365;163.178359985;27.6507358551
386;22353.0;3.0;2011.0;15.0;7.80414199829;29.440202713;15.5050573349;13.3333711624;16.2974510193;23.3521327972;12.0564994812;33.9393768311;20.6895637512;16.0172863007;5.07777309418;2.90000033379;21.0048522949;13.3333711624;15.5484857559
387;22384.0;4.0;2011.0;15.0;39.1846313477;97.6824264526;49.0804252625;96.4178619385;122.990196228;116.147033691;103.120315552;39.5806808472;114.641311646;28.7131118774;10.6323604584;90.4200057983;120.263786316;96.4178619385;39.2851600647
388;22414.0;5.0;2011.0;15.0;142.472793579;121.798721313;129.370605469;202.422683716;166.949035645;141.645431519;200.517532349;118.741844177;164.1355896;92.1740188599;132.383285522;217.900024414;140.045547485;202.422683716;135.476318359
389;22445.0;6.0;2011.0;15.0;81.0062026978;157.368438721;108.09815979;208.366989136;191.386230469;179.334991455;193.238708496;85.1128463745;174.283966064;107.781646729;68.673789978;209.880020142;174.948806763;208.366989136;82.1782608032
390;22475.0;7.0;2011.0;15.0;161.348022461;138.574432373;171.121383667;183.414581299;152.190063477;193.478683472;159.647872925;179.989654541;179.801300049;156.751083374;193.773010254;124.889976501;226.100311279;183.414581299;166.906570435
391;22506.0;8.0;2011.0;15.0;243.435836792;134.568267822;237.01612854;51.9554252625;40.8483963013;85.4733276367;48.1817054749;239.446670532;75.7039413452;301.306213379;338.472747803;21.3224391937;116.602386475;51.9554252625;242.224945068
392;22537.0;9.0;2011.0;15.0;286.441497803;229.108413696;248.158004761;136.423629761;112.353759766;152.677032471;117.412139893;279.809204102;194.09916687;334.561737061;196.389678955;70.6575698853;199.654144287;136.423629761;284.412475586
393;22567.0;10.0;2011.0;15.0;94.0375823975;141.512664795;105.309265137;285.362243652;218.013687134;213.984085083;265.616638184;107.49130249;233.708908081;69.6474075317;42.9080963135;259.640045166;199.114746094;285.362243652;98.0285720825
394;22598.0;11.0;2011.0;15.0;0.146713256836;1.67775571346;5.64803552628;65.081703186;50.0645217896;36.845954895;31.3164367676;0.0;51.7607078552;0.0;0.0;20.0100002289;17.9710159302;65.081703186;0.103497251868
395;22628.0;12.0;2011.0;15.0;0.0;0.0665579885244;0.0295010916889;0.579493224621;0.0;0.0;0.088433586061;0.0;0.437858968973;0.0;0.0;0.299999982119;0.00670407339931;0.579493224621;0.0
396;22659.0;1.0;2012.0;15.0;1.37661921978;6.8818602562;1.96416020393;2.64713287354;2.54291915894;5.87291431427;2.0091342926;1.43566095829;3.8661532402;0.160262823105;0.109626486897;5.4000005722;5.43392562866;2.64713287354;1.3912717104
397;22690.0;2.0;2012.0;15.0;18.5180702209;27.7024421692;25.9759178162;62.2654266357;62.7643966675;53.1815834045;62.4526824951;37.7420539856;49.7350654602;23.5718536377;11.3562040329;62.84998703;43.1971626282;62.2654266357;24.2154788971
398;22719.0;3.0;2012.0;15.0;8.21220779419;11.6660852432;7.57223463058;41.6382827759;20.2246513367;21.6309452057;25.2624053955;4.74692296982;34.9748764038;0.519492566586;0.381032526493;17.360004425;17.008436203;41.6382827759;7.19205331802
399;22750.0;4.0;2012.0;15.0;80.3901443481;76.9577941895;74.2436065674;185.529876709;99.333442688;131.623443604;160.665328979;94.8026885986;172.704971313;60.6654548645;14.2595949173;139.559997559;171.422683716;185.529876709;84.6855010986
400;22780.0;5.0;2012.0;15.0;210.961410522;135.20513916;184.305358887;171.561981201;185.898025513;175.877975464;186.90725708;194.309173584;140.56942749;164.512466431;206.391952515;185.919937134;162.589401245;171.561981201;206.080078125
401;22811.0;6.0;2012.0;15.0;168.145980835;160.637283325;174.018234253;331.441986084;231.052749634;213.826644897;305.773895264;167.2162323;244.113235474;189.893890381;128.029129028;342.079956055;217.492080688;331.441986084;167.846755981
402;22841.0;7.0;2012.0;15.0;280.457611084;234.057342529;242.106735229;102.944793701;57.219871521;102.705917358;80.7468338013;220.004180908;156.926864624;233.083221436;302.330078125;60.3599967957;174.81791687;102.944793701;262.576477051
403;22872.0;8.0;2012.0;15.0;190.137588501;105.362350464;164.262130737;40.5991744995;56.6502418518;62.9336204529;36.2767753601;169.432022095;54.8622131348;151.596435547;250.84803772;24.1199951172;62.1473121643;40.5991744995;184.04095459
404;22903.0;9.0;2012.0;15.0;268.476470947;232.567047119;241.769821167;204.718551636;121.787765503;165.59715271;180.901763916;245.377655029;230.276733398;263.401641846;234.587554932;157.219955444;215.637908936;204.718551636;261.613647461
405;22933.0;10.0;2012.0;15.0;128.792358398;129.713729858;132.389953613;209.946151733;115.202232361;141.053833008;168.907196045;162.232147217;208.363891602;180.178161621;60.4797210693;127.089996338;179.206451416;209.946151733;138.651916504
406;22964.0;11.0;2012.0;15.0;5.37223958969;2.51933956146;9.9266910553;62.5174369812;29.5456237793;27.5698070526;52.057964325;10.5232019424;35.3366279602;8.8217716217;1.81899046898;51.7099990845;26.2811565399;62.5174369812;6.89391708374
407;22994.0;12.0;2012.0;15.0;0.148665830493;6.80072259903;5.22191905975;47.1866035461;17.6774215698;21.1940097809;18.4295139313;0.129665389657;50.158115387;0.0863940939307;0.0;6.00999975204;26.7248744965;47.1866035461;0.142229840159
408;23025.0;1.0;2013.0;15.0;0.577109515667;3.94628548622;4.19081544876;54.2974739075;15.6027183533;10.9454660416;24.8530654907;0.353978782892;46.9326972961;0.0465514548123;0.0;26.0299987793;10.3702116013;54.2974739075;0.511136651039
409;23056.0;2.0;2013.0;15.0;3.31903290749;12.102648735;8.70538520813;26.3616256714;18.8987979889;16.9824867249;27.9066429138;7.03672456741;21.3202514648;13.7034263611;1.3617759943;30.8400039673;15.0541563034;26.3616256714;4.40802764893
410;23084.0;3.0;2013.0;15.0;37.2918243408;109.371589661;47.1151695251;87.812210083;98.4573135376;107.152946472;85.8046569824;51.2659454346;97.7640533447;28.336681366;4.13393068314;69.5600204468;98.1822814941;87.812210083;41.4215164185
411;23115.0;4.0;2013.0;15.0;119.247680664;121.595664978;109.295623779;159.270584106;129.434310913;140.669342041;146.966644287;113.834022522;154.476242065;99.4415283203;74.4989395142;143.730056763;145.451965332;159.270584106;117.659790039
412;23145.0;5.0;2013.0;15.0;120.837135315;154.135574341;132.308288574;307.837188721;237.548049927;222.346588135;307.063812256;120.000938416;248.966156006;86.1745758057;94.0005645752;321.420013428;230.490249634;307.837188721;120.61000824
413;23176.0;6.0;2013.0;15.0;189.093887329;110.357795715;161.716094971;120.282524109;100.005210876;97.2975006104;117.06086731;148.643783569;87.9429244995;177.609725952;193.184387207;134.429992676;108.587783813;120.282524109;177.107467651
414;23206.0;7.0;2013.0;15.0;111.506393433;114.501701355;137.946914673;130.671234131;63.7715454102;95.6895523071;86.9569320679;133.2993927;144.463027954;148.332183838;185.05909729;67.3900222778;141.287765503;130.671234131;117.946243286
415;23237.0;8.0;2013.0;15.0;187.076629639;94.7328186035;176.539199829;9.94489765167;6.85006380081;22.0091953278;7.90772199631;146.275115967;35.5635528564;201.325469971;302.895111084;3.70801973343;42.2047424316;9.94489765167;174.96987915
416;23268.0;9.0;2013.0;15.0;167.05796814;137.501708984;147.130783081;121.442977905;76.7657699585;87.8716812134;104.51247406;190.844070435;129.619659424;178.566970825;117.788566589;105.751953125;99.5120773315;121.442977905;174.096969604
417;23298.0;10.0;2013.0;15.0;136.427932739;108.425163269;91.3812408447;104.70766449;66.0690841675;81.3924484253;91.1192703247;98.6552963257;105.919647217;44.8904914856;72.917137146;71.9199981689;88.9560928345;104.70766449;125.284637451
418;23329.0;11.0;2013.0;15.0;5.82150745392;7.14049863815;9.29580879211;38.1321640015;36.2034378052;41.3748092651;37.239654541;5.05714988708;29.1467018127;3.26743769646;2.07345843315;20.75;41.0107650757;38.1321640015;5.59385490417
419;23359.0;12.0;2013.0;15.0;1.28951537609;15.7439346313;4.23928165436;10.358379364;9.14301681519;8.80221271515;7.45148801804;4.57964849472;16.5920600891;0.00288083963096;0.0;4.76894664764;10.8620605469;10.358379364;2.26295590401
